股票代码,股票简称
834407,驰诚股份
300960,通业科技
688515,裕太微-U
688693,锴威特
300611,美力科技
300460,惠伦晶体
301099,雅创电子
301418,协昌科技
301021,英诺激光
301036,双乐股份
301117,佳缘科技
300565,科信技术
300637,扬帆新材
301016,雷尔伟
872541,铁大科技
871553,凯腾精工
300554,三超新材
688262,国芯科技
688032,禾迈股份
688348,昱能科技
688052,纳芯微
300011,鼎汉技术
871981,晶赛科技
688020,方邦股份
688244,永信至诚
000008,神州高铁
002168,惠程科技
600243,青海华鼎
002272,川润股份
002562,兄弟科技
600817,宇通重工
600520,文一科技
603232,格尔软件
002819,东方中科
002549,凯美特气
603121,华培动力
603825,华扬联众
605111,新洁能
001212,中旗新材
603991,至正股份
605167,利柏特
603680,XD今创集
600841,动力新科
600460,士兰微
600171,上海贝岭
002800,天顺股份
603607,京华激光
002077,大港股份
605218,伟时电子
600636,国新文化
002576,通达动力
002806,华锋股份
300671,富满微
600125,XD铁龙物
600207,安彩高科
002321,华英农业
688141,杰华特
300689,澄天伟业
000925,众合科技
833509,同惠电子
300710,万隆光电
603290,斯达半导
603375,盛景微
300293,蓝英装备
300407,凯发电气
688347,华虹公司
301413,安培龙
688711,宏微科技
300622,博士眼镜
600650,锦江在线
300408,三环集团
600686,金龙汽车
300656,民德电子
688152,麒麟信安
300705,九典制药
301251,威尔高
301048,金鹰重工
301306,西测测试
688045,必易微
688216,气派科技
688569,铁科轨道
688536,思瑞浦
688416,恒烁股份
003026,中晶科技
600538,国发股份
688602,康鹏科技
688130,晶华微
002670,国盛金控
300455,航天智装
000953,河化股份
300967,晓鸣股份
603383,顶点软件
300661,圣邦股份
300401,花园生物
688793,倍轻松
002496,辉丰股份
300192,科德教育
300208,*ST中程
000628,高新发展
688135,利扬芯片
300223,北京君正
300077,国民技术
688234,天岳先进
837821,则成电子
688691,灿芯股份
001270,铖昌科技
300885,海昌新材
603135,中重科技
002859,洁美科技
688337,普源精电
688048,长光华芯
301176,逸豪新材
301049,超越科技
301367,怡和嘉业
688485,九州一轨
301348,蓝箭电子
688362,甬矽电子
688270,臻镭科技
300758,七彩化学
301129,瑞纳智能
603488,展鹏科技
300462,华铭智能
002626,金达威
300931,通用电梯
000078,海王生物
688699,明微电子
688063,派能科技
688053,思科瑞
839725,惠丰钻石
688061,灿瑞科技
688512,慧智微-U
688496,清越科技
688230,芯导科技
300598,诚迈科技
688256,寒武纪-U
301156,美农生物
603997,继峰股份
301110,青木科技
000952,广济药业
688658,悦康药业
603019,中科曙光
301507,民生健康
300865,大宏立
688385,复旦微电
688717,艾罗能源
000506,*ST中润
301510,固高科技
000908,*ST景峰
301158,德石股份
000584,*ST工智
688380,中微半导
002845,同兴达
600281,华阳新材
301536,星宸科技
603668,天马科技
688307,中润光学
688173,希荻微
603377,ST东时
603508,思维列控
002856,美芝股份
002424,ST百灵
688458,美芯晟
688419,耐科装备
600106,重庆路桥
300665,飞鹿股份
002490,ST墨龙
002750,*ST龙津
002528,ST英飞拓
000070,ST特信
688591,泰凌微
003043,华亚智能
688661,和林微纳
002052,*ST同洲
002058,威尔泰
688595,芯海科技
688187,时代电气
688209,英集芯
688325,赛微微电
688981,中芯国际
300180,华峰超纤
600360,ST华微
688556,高测股份
688603,天承科技
603963,*ST大药
600083,*ST博信
000909,ST数源
002564,*ST天沃
603819,神力股份
600641,万业企业
603559,*ST通脉
300650,太龙股份
688689,银河微电
002656,ST摩登
301052,果麦文化
002336,*ST人乐
301337,亚华电子
600381,ST春天
002829,星网宇达
838030,德众汽车
301066,万事利
000851,ST高鸿
603269,海鸥股份
300930,屹通新材
688788,科思科技
603032,德新科技
300350,华鹏飞
300939,秋田微
300789,唐源电气
300531,优博讯
688665,四方光电
688313,仕佳光子
688503,聚和材料
300280,紫天科技
688197,首药控股-U
603000,XD人民网
688381,帝奥微
300560,中富通
002779,中坚科技
300072,海新能科
002405,四维图新
000859,国风新材
300327,中颖电子
301063,海锅股份
688373,盟科药业-U
603608,*ST天创
002862,实丰文化
600476,湘邮科技
000503,国新健康
688589,力合微
000889,ST中嘉
002484,江海股份
002518,科士达
001226,拓山重工
301265,华新环保
831167,鑫汇科
002982,湘佳股份
688651,盛邦安全
688662,富信科技
605117,德业股份
603868,飞科电器
603068,博通集成
600536,中国软件
002972,科安达
301118,恒光股份
300203,聚光科技
300131,英唐智控
688206,概伦电子
002315,焦点科技
688702,盛科通信-U
832876,慧为智能
688776,国光电气
002234,民和股份
603081,大丰实业
300474,景嘉微
300507,苏奥传感
301381,赛维时代
688107,安路科技
603613,国联股份
001317,三羊马
002513,蓝丰生化
300721,怡达股份
688508,芯朋微
300042,朗科科技
002180,纳思达
300845,捷安高科
688060,云涌科技
002290,禾盛新材
688318,财富趋势
002843,泰嘉股份
688170,德龙激光
300210,森远股份
688167,炬光科技
300594,朗进科技
300386,飞天诚信
301339,通行宝
301002,崧盛股份
600877,电科芯片
002516,旷达科技
600745,闻泰科技
688071,华依科技
603712,七一二
688682,霍莱沃
603276,恒兴新材
300972,万辰集团
839680,广道数字
300851,交大思诺
301421,波长光电
600633,浙数文化
002232,启明信息
688593,新相微
002049,紫光国微
001296,长江材料
688676,金盘科技
603341,龙旗科技
688047,龙芯中科
002214,大立科技
301518,长华化学
688157,松井股份
872351,华光源海
688343,云天励飞-U
300693,盛弘股份
301169,零点有数
001229,魅视科技
301338,凯格精机
600611,大众交通
300585,奥联电子
300162,雷曼光电
301380,挖金客
300810,中科海讯
605358,立昂微
688259,创耀科技
603163,圣晖集成
300820,英杰电气
688375,国博电子
688199,久日新材
832885,星辰科技
603386,骏亚科技
301236,软通动力
688513,苑东生物
688486,龙迅股份
301319,唯特偶
688383,XD新益昌
688328,深科达
688022,瀚川智能
688687,凯因科技
300150,世纪瑞尔
688110,东芯股份
688577,浙海德曼
688584,上海合晶
002700,ST浩源
603500,祥和实业
688285,高铁电气
300667,必创科技
688035,德邦科技
300835,龙磁科技
688041,海光信息
688039,当虹科技
688358,祥生医疗
688367,工大高科
600588,用友网络
688201,信安世纪
002199,东晶电子
601100,恒立液压
002213,大为股份
000670,盈方微
300763,锦浪科技
300823,建科智能
688003,天准科技
688171,纬德信息
301105,鸿铭股份
002156,通富微电
688498,源杰科技
003031,中瓷电子
688396,华润微
688081,兴图新科
688432,XD有研硅
301282,金禄电子
603707,健友股份
300053,航宇微
688233,神工股份
300101,振芯科技
430139,华岭股份
300380,安硕信息
300905,宝丽迪
001324,长青科技
300480,光力科技
002079,苏州固锝
002102,能特科技
002025,航天电器
000525,ST红太阳
301102,兆讯传媒
300167,*ST迪威
300099,尤洛卡
688450,光格科技
688015,交控科技
688031,星环科技-U
301208,中亦科技
600436,片仔癀
300906,日月明
000004,国华网安
688261,东微半导
300416,苏试试验
300123,亚光科技
002427,尤夫股份
688680,海优新材
300313,ST天山
001266,宏英智能
300331,苏大维格
300333,兆日科技
688290,景业智能
688601,力芯微
603235,天新药业
300368,ST汇金
600765,中航重机
000738,航发控制
300571,平治信息
605289,罗曼股份
688011,新光光电
300950,德固特
300817,双飞集团
301325,曼恩斯特
301266,宇邦新材
688620,安凯微
688548,广钢气体
301591,肯特股份
835179,凯德石英
300605,恒锋信息
688530,欧莱新材
603332,苏州龙杰
300285,国瓷材料
301211,亨迪药业
301012,扬电科技
002296,辉煌科技
688247,宣泰医药
300537,广信材料
688168,安博通
000995,皇台酒业
002953,日丰股份
688215,瑞晟智能
688258,卓易信息
002875,安奈儿
605298,必得科技
600310,广西能源
300827,上能电气
300923,研奥股份
688551,科威尔
603065,宿迁联盛
300708,聚灿光电
603888,新华网
300220,金运激光
603931,格林达
601865,XD福莱特
688018,乐鑫科技
002634,棒杰股份
600319,亚星化学
688182,灿勤科技
300183,东软载波
600703,三安光电
688112,鼎阳科技
603322,超讯通信
688095,福昕软件
688400,凌云光
603278,大业股份
688768,容知日新
688001,华兴源创
300201,海伦哲
688507,索辰科技
000576,甘化科工
300782,卓胜微
000989,ST九芝
688058,宝兰德
300522,世名科技
688220,翱捷科技-U
301061,匠心家居
001328,登康口腔
600804,*ST鹏博
688539,高华科技
300240,飞力达
603323,苏农银行
300479,神思电子
300839,博汇股份
301025,读客文化
002778,中晟高科
002910,庄园牧场
603738,泰晶科技
300903,科翔股份
688172,燕东微
301107,瑜欣电子
300623,捷捷微电
603507,振江股份
603027,千禾味业
300169,天晟新材
002410,广联达
601066,中信建投
002654,万润科技
301237,和顺科技
300718,长盛轴承
001259,利仁科技
688435,英方软件
301318,维海德
300472,新元科技
688599,天合光能
300936,中英科技
300841,康华生物
688153,唯捷创芯
605588,冠石科技
688552,航天南湖
300805,电声股份
300148,天舟文化
688609,九联科技
002189,中光学
688390,固德威
688636,智明达
603580,艾艾精工
300118,东方日升
301190,善水科技
002458,益生股份
300831,派瑞股份
688671,碧兴物联
002197,ST证通
688698,伟创电气
300461,田中精机
301499,维科精密
301383,天键股份
836247,华密新材
688296,和达科技
600238,海南椰岛
301206,三元生物
300608,思特奇
300493,润欣科技
003040,楚天龙
688561,奇安信-U
688268,华特气体
688286,敏芯股份
300822,贝仕达克
688720,艾森股份
001213,中铁特货
688401,路维光电
603989,艾华集团
688592,司南导航
301298,东利机械
300579,数字认证
001288,运机集团
688566,吉贝尔
301161,唯万密封
300700,岱勒新材
300731,科创新源
001255,博菲电气
300683,海特生物
832149,利尔达
688459,哈铁科技
688023,安恒信息
002971,和远气体
300376,ST易事特
688181,八亿时空
301273,瑞晨环保
603270,金帝股份
002527,新时达
603067,振华股份
301278,快可电子
300959,线上线下
300730,科创信息
301116,益客食品
300369,绿盟科技
603186,华正新材
300304,云意电气
300868,杰美特
300679,电连技术
688439,振华风光
300550,和仁科技
688249,晶合集成
301135,瑞德智能
688133,泰坦科技
600495,晋西车轴
600462,*ST九有
603109,神驰机电
688070,纵横股份
688038,中科通达
603363,*ST傲农
301179,泽宇智能
000963,华东医药
002571,德力股份
688090,瑞松科技
688225,亚信安全
301189,奥尼电子
000882,华联股份
688292,浩瀚深度
300762,上海瀚讯
600732,爱旭股份
603598,引力传媒
001380,华纬科技
688655,迅捷兴
301332,德尔玛
300587,天铁股份
688088,虹软科技
688479,友车科技
301321,翰博高新
300133,华策影视
688800,瑞可达
301568,思泰克
300953,震裕科技
300889,爱克股份
000568,泸州老窖
300743,天地数码
002746,仙坛股份
002268,电科网安
688115,思林杰
301062,上海艾录
688351,微电生理-U
300221,银禧科技
688260,昀冢科技
002001,新 和 成
688207,格灵深瞳
301172,君逸数码
301185,鸥玛软件
600570,恒生电子
688511,天微电子
601698,中国卫通
301095,广立微
688319,欧林生物
300911,亿田智能
600892,大晟文化
688478,晶升股份
688080,映翰通
688004,博汇科技
300793,佳禾智能
600715,*ST文投
300440,运达科技
300955,嘉亨家化
300678,中科信息
300288,朗玛信息
688055,龙腾光电
300010,豆神教育
688709,成都华微
688611,杭州柯林
300046,台基股份
688692,达梦数据
688695,中创股份
300593,新雷能
688352,颀中科技
000021,深科技
300802,矩子科技
000695,滨海能源
688528,秦川物联
688332,中科蓝讯
603189,网达软件
002983,芯瑞达
600676,交运股份
000571,新大洲A
688633,星球石墨
688238,和元生物
301419,阿莱德
301183,东田微
002933,新兴装备
301279,金道科技
300659,中孚信息
600756,浪潮软件
688733,壹石通
301126,达嘉维康
688484,南芯科技
600133,东湖高新
300342,天银机电
002729,好利科技
300379,东方通
300588,熙菱信息
300539,横河精密
000586,汇源通信
688619,罗普特
300213,佳讯飞鸿
603061,金海通
301310,鑫宏业
300188,国投智能
301076,新瀚新材
688306,均普智能
688002,睿创微纳
002380,科远智慧
301013,利和兴
300687,赛意信息
603130,云中马
301042,安联锐视
300615,欣天科技
605003,众望布艺
688049,炬芯科技
300137,先河环保
600206,有研新材
688716,中研股份
603388,ST元成
002192,融捷股份
002952,亚世光电
688610,埃科光电
688433,华曙高科
301082,久盛电气
688027,国盾量子
603933,睿能科技
300680,隆盛科技
600624,复旦复华
600845,宝信软件
002890,弘宇股份
688160,步科股份
300366,创意信息
301159,三维天地
300886,华业香料
002587,奥拓电子
301024,霍普股份
301566,达利凯普
300478,杭州高新
002649,博彦科技
300995,奇德新材
688158,优刻得-W
002119,康强电子
002940,昂利康
300982,苏文电能
600501,航天晨光
603636,南威软件
002685,华东重机
002652,扬子新材
688588,凌志软件
688365,光云科技
002124,ST天邦
600667,太极实业
301359,东南电子
300456,赛微电子
002414,高德红外
300062,中能电气
002912,中新赛克
301382,蜂助手
688560,明冠新材
600185,格力地产
688057,金达莱
688368,晶丰明源
688719,爱科赛博
605118,力鼎光电
300747,锐科激光
600862,中航高科
603499,翔港科技
688017,绿的谐波
301361,众智科技
300277,海联讯
605398,新炬网络
002261,拓维信息
688083,中望软件
600893,航发动力
002905,金逸影视
688113,联测科技
605258,协和电子
001238,浙江正特
603321,梅轮电梯
300543,朗科智能
603416,信捷电气
688272,富吉瑞
001339,智微智能
871478,巨能股份
688338,赛科希德
600562,国睿科技
601766,中国中车
000702,正虹科技
688376,美埃科技
301538,骏鼎达
300395,菲利华
300561,汇金科技
688297,中无人机
300940,南极光
301578,辰奕智能
688549,中巨芯-U
300589,江龙船艇
301517,陕西华达
301180,万祥科技
300901,中胤时尚
002908,德生科技
600726,华电能源
688521,芯原股份
688289,圣湘生物
301255,通力科技
301446,福事特
688195,腾景科技
300808,久量股份
300311,任子行
002481,双塔食品
688050,爱博医疗
001358,兴欣新材
688617,惠泰医疗
600962,国投中鲁
688657,浩辰软件
301209,联合化学
002724,海洋王
300454,深信服
603150,万朗磁塑
600289,*ST信通
002617,露笑科技
300655,晶瑞电材
688236,春立医疗
301040,中环海陆
603686,福龙马
002885,京泉华
688056,莱伯泰科
603369,今世缘
002667,威领股份
688582,芯动联科
301314,科瑞思
688798,艾为电子
688079,美迪凯
300030,阳普医疗
000711,*ST京蓝
688502,茂莱光学
600602,云赛智联
001287,中电港
688280,精进电动-UW
603356,华菱精工
000032,深桑达Ａ
688590,新致软件
301212,联盛化学
688059,华锐精密
002771,真视通
603037,凯众股份
688600,皖仪科技
300211,亿通科技
688310,迈得医疗
688361,中科飞测
300797,钢研纳克
600391,航发科技
600100,同方股份
300669,沪宁股份
688320,禾川科技
688339,亿华通-U
300768,迪普科技
601858,中国科传
603829,洛凯股份
603324,盛剑环境
688132,邦彦技术
600288,大恒科技
001378,德冠新材
000555,神州信息
603198,迎驾贡酒
688681,科汇股份
300952,恒辉安防
600387,*ST海越
002531,天顺风能
601059,信达证券
600753,庚星股份
003017,大洋生物
688622,禾信仪器
600770,综艺股份
688232,新点软件
002655,共达电声
603595,东尼电子
688581,安杰思
300499,高澜股份
688618,三旺通信
688010,福光股份
603960,克来机电
300414,中光防雷
605188,国光连锁
600030,中信证券
603843,正平股份
002017,东信和平
301225,恒勃股份
301357,北方长龙
600365,ST通葡
000792,盐湖股份
301022,海泰科
300795,米奥会展
688293,奥浦迈
301035,润丰股份
002865,钧达股份
300020,*ST银江
688202,美迪西
300648,星云股份
301408,华人健康
002322,理工能科
688523,航天环宇
688303,大全能源
688291,金橙子
300435,中泰股份
688311,盟升电子
603813,原尚股份
300767,震安科技
688392,骄成超声
001373,翔腾新材
688143,长盈通
300447,全信股份
600605,汇通能源
688596,正帆科技
688111,金山办公
603515,欧普照明
300005,探路者
688084,晶品特装
688271,联影医疗
301028,东亚机械
002459,晶澳科技
605081,太和水
605089,味知香
002990,盛视科技
688443,智翔金泰-U
300915,海融科技
688728,格科微
603876,鼎胜新材
300828,锐新科技
603986,兆易创新
300980,祥源新材
688466,金科环境
603729,龙韵股份
688579,山大地纬
688628,优利德
300647,超频三
300792,壹网壹创
301232,飞沃科技
603206,嘉环科技
301050,雷电微力
300164,通源石油
300134,大富科技
688669,聚石化学
301269,华大九天
688678,福立旺
603656,泰禾智能
000927,中国铁物
600070,*ST富润
688399,硕世生物
603108,XD润达医
603039,泛微网络
600120,浙江东方
002553,南方精工
002137,实益达
003005,竞业达
300752,隆利科技
603215,比依股份
601133,柏诚股份
300508,维宏股份
300252,金信诺
688616,西力科技
002335,科华数据
688137,近岸蛋白
003007,直真科技
300347,泰格医药
603106,恒银科技
688371,菲沃泰
688067,爱威科技
600725,云维股份
300496,中科创达
002222,福晶科技
688078,龙软科技
301285,鸿日达
300644,南京聚隆
300512,中亚股份
300538,同益股份
002353,杰瑞股份
002332,仙琚制药
002439,启明星辰
300875,捷强装备
688535,华海诚科
300675,建科院
300801,泰和科技
300353,东土科技
300877,金春股份
300597,吉大通信
688489,三未信安
002931,锋龙股份
002637,赞宇科技
600216,浙江医药
688162,巨一科技
603111,康尼机电
688126,沪硅产业
002871,伟隆股份
000425,徐工机械
301210,金杨股份
600760,中航沈飞
300968,格林精密
601089,福元医药
300200,高盟新材
600881,亚泰集团
300520,科大国创
603881,数据港
600539,狮头股份
301092,争光股份
300717,华信新材
688625,呈和科技
688378,奥来德
000819,岳阳兴长
002767,先锋电子
301037,保立佳
300681,英搏尔
002945,华林证券
603192,汇得科技
688237,超卓航科
688036,传音控股
688505,复旦张江
301215,中汽股份
600571,信雅达
001228,永泰运
301152,天力锂能
000697,炼石航空
688418,震有科技
603380,易德龙
300065,海兰信
601012,隆基绿能
600009,XD上海机
301316,慧博云通
688550,瑞联新材
301389,隆扬电子
002577,雷柏科技
600163,中闽能源
688366,昊海生科
001314,亿道信息
601607,上海医药
300364,中文在线
600118,中国卫星
688646,逸飞激光
688030,山石网科
600905,三峡能源
688251,井松智能
301286,侨源股份
300902,国安达
688685,迈信林
688531,日联科技
301003,江苏博云
002848,高斯贝尔
688559,海目星
002209,达 意 隆
688200,华峰测控
688021,奥福环保
688543,国科军工
002343,慈文传媒
002179,中航光电
002005,ST德豪
688191,智洋创新
601788,光大证券
688597,煜邦电力
603062,麦加芯彩
300921,南凌科技
300323,华灿光电
002446,盛路通信
603501,韦尔股份
688222,成都先导
301390,经纬股份
300339,润和软件
301051,信濠光电
833455,汇隆活塞
300870,欧陆通
688118,普元信息
301528,多浦乐
300599,雄塑科技
002298,中电兴发
301221,光庭信息
300442,润泽科技
000066,中国长城
001308,康冠科技
002802,洪汇新材
301086,鸿富瀚
002253,川大智胜
301137,哈焊华通
301125,腾亚精工
301280,珠城科技
600150,中国船舶
300613,富瀚微
688690,纳微科技
688101,三达膜
603893,瑞芯微
300400,劲拓股份
301320,豪江智能
002331,皖通科技
000415,渤海租赁
838971,天马新材
600519,贵州茅台
603297,永新光学
001223,欧克科技
000596,古井贡酒
300751,迈为股份
603220,中贝通信
605033,美邦股份
001207,联科科技
300897,山科智能
002279,久其软件
600809,山西汾酒
600802,福建水泥
300749,顶固集创
000538,云南白药
605499,东鹏饮料
688217,睿昂基因
603181,皇马科技
002769,普路通
688369,致远互联
601995,中金公司
600438,通威股份
688586,江航装备
688087,英科再生
603051,鹿山新材
301191,菲菱科思
600316,洪都航空
301027,华蓝集团
603617,君禾股份
301057,汇隆新材
300867,圣元环保
839371,欧福蛋业
600830,香溢融通
688667,菱电电控
688025,杰普特
603803,瑞斯康达
301056,森赫股份
300832,新产业
301077,星华新材
000157,中联重科
301160,翔楼新材
300481,濮阳惠成
000818,航锦科技
300803,指南针
003020,立方制药
300378,鼎捷软件
603050,科林电气
301336,趣睡科技
300132,青松股份
601360,三六零
601002,晋亿实业
000501,武商集团
300895,铜牛信息
603088,宁波精达
300973,立高食品
301299,卓创资讯
002338,奥普光电
300226,上海钢联
000638,万方发展
300988,津荣天宇
603939,益丰药房
002376,新北洋
688372,伟测科技
688231,隆达股份
603398,沐邦高科
002830,名雕股份
688327,云从科技-UW
833346,威贸电子
601900,南方传媒
300246,宝莱特
603690,至纯科技
688288,鸿泉物联
300535,达威股份
000858,五 粮 液
301283,聚胶股份
301330,熵基科技
688228,开普云
688469,芯联集成-U
301353,普莱得
000977,浪潮信息
300977,深圳瑞捷
301217,铜冠铜箔
002730,电光科技
002453,华软科技
600111,北方稀土
605286,同力日升
300987,川网传媒
002275,桂林三金
001268,联合精密
002362,汉王科技
603319,湘油泵
001387,雪祺电气
300225,金力泰
002985,北摩高科
603280,南方路机
001239,永达股份
600771,广誉远
688648,中邮科技
603721,中广天择
002093,国脉科技
002650,ST加加
688679,通源环境
300668,杰恩设计
000561,烽火电子
603258,电魂网络
300965,*ST恒宇
688091,上海谊众
300212,易华录
688092,爱科科技
002901,大博医疗
301335,天元宠物
003018,金富科技
688686,奥普特
601020,华钰矿业
000782,恒申新材
301170,锡南科技
002006,精工科技
603985,恒润股份
688029,南微医学
838163,方大新材
688066,航天宏图
603806,福斯特
688131,皓元医药
603557,ST起步
300649,杭州园林
600537,亿晶光电
600958,东方证券
300557,理工光科
688046,药康生物
688282,*ST导航
300467,迅游科技
000999,华润三九
688159,有方科技
002889,东方嘉盛
000733,振华科技
688028,沃尔德
002789,建艺集团
301262,海看股份
301258,富士莱
603936,博敏电子
301196,唯科科技
600298,安琪酵母
000037,深南电A
688278,特宝生物
002294,信立泰
688585,上纬新材
603929,亚翔集成
600446,金证股份
300174,元力股份
301139,元道通信
603856,东宏股份
301388,欣灵电气
300691,联合光电
300575,中旗股份
301503,智迪科技
301263,泰恩康
001368,通达创智
301068,大地海洋
301222,浙江恒威
300918,南山智尚
300984,金沃股份
300354,东华测试
300352,北信源
300365,恒华科技
002858,力盛体育
688129,东来技术
600071,凤凰光学
601965,中国汽研
600184,光电股份
603955,大千生态
002777,久远银海
300341,麦克奥迪
601136,首创证券
301378,通达海
688580,伟思医疗
605567,春雪食品
600158,中体产业
600918,中泰证券
003028,振邦智能
300992,泰福泵业
301231,荣信文化
688302,海创药业-U
300056,中创环保
603138,海量数据
301059,金三江
301252,同星科技
603170,宝立食品
301001,凯淳股份
002217,*ST合泰
301329,信音电子
002396,星网锐捷
300941,创识科技
301287,康力源
300298,三诺生物
300184,力源信息
002430,杭氧股份
603211,晋拓股份
300635,中达安
300205,ST天喻
688227,品高股份
301079,邵阳液压
603880,南卫股份
300861,美畅股份
300709,精研科技
300292,吴通控股
002230,科大讯飞
688501,青达环保
301202,朗威股份
300504,天邑股份
833075,柏星龙
300848,美瑞新材
002609,捷顺科技
605123,派克新材
603015,弘讯科技
600522,中天科技
300513,恒实科技
002555,三七互娱
001269,欧晶科技
603118,共进股份
002205,国统股份
601318,中国平安
688355,明志科技
605056,咸亨国际
301151,冠龙节能
300549,优德精密
000529,广弘控股
002265,建设工业
002134,天津普林
300168,万达信息
603701,德宏股份
002299,圣农发展
301043,绿岛风
688393,安必平
300564,筑博设计
300141,和顺电气
600452,涪陵电力
603867,新化股份
002686,亿利达
300943,春晖智控
605566,福莱蒽特
600986,浙文互联
688488,艾迪药业
300583,赛托生物
300033,同花顺
301358,湖南裕能
002196,方正电机
300607,拓斯达
300927,江天化学
300410,正业科技
301085,亚康股份
605376,博迁新材
002339,积成电子
601595,上海电影
600936,广西广电
002129,TCL中环
688598,金博股份
300059,东方财富
600860,京城股份
688309,恒誉环保
603098,森特股份
300382,斯莱克
003002,壶化股份
002122,汇洲智能
300351,永贵电器
300922,天秦装备
603938,三孚股份
002782,可立克
002282,博深股份
600345,长江通信
300847,中船汉光
688529,豪森智能
600846,同济科技
000691,亚太实业
300122,智飞生物
301132,满坤科技
600231,凌钢股份
300894,火星人
603980,吉华集团
600515,海南机场
300235,方直科技
300695,兆丰股份
688102,斯瑞新材
688391,钜泉科技
002406,远东传动
603895,天永智能
300929,华骐环保
300733,西菱动力
300108,*ST吉药
002126,银轮股份
603657,春光科技
688629,华丰科技
300559,佳发教育
000557,西部创业
872925,锦好医疗
688106,金宏气体
605006,山东玻纤
603275,众辰科技
688151,华强科技
603660,苏州科达
000936,华西股份
300787,海能实业
688608,恒玄科技
605319,无锡振华
300082,奥克股份
002841,视源股份
301315,威士顿
301489,思泉新材
600444,国机通用
301006,迈拓股份
603110,东方材料
000563,陕国投Ａ
301577,美信科技
600850,电科数字
300302,同有科技
838701,豪声电子
605589,圣泉集团
603949,雪龙集团
300126,锐奇股份
688626,翔宇医疗
688077,大地熊
600198,大唐电信
300890,翔丰华
000681,视觉中国
002036,联创电子
688026,洁特生物
600880,博瑞传播
300423,昇辉科技
000510,新金路
300227,光韵达
301029,怡合达
301165,锐捷网络
688696,极米科技
300486,东杰智能
002311,海大集团
300653,正海生物
601519,大智慧
002218,拓日新能
301010,晶雪节能
301292,海科新源
000856,冀东装备
600148,长春一东
836395,朗鸿科技
300509,新美星
603722,阿科力
688787,海天瑞声
600976,健民集团
688013,天臣医疗
601949,中国出版
300018,中元股份
601606,长城军工
688638,誉辰智能
300427,*ST红相
002698,博实股份
001306,夏厦精密
002718,友邦吊顶
600232,金鹰股份
300283,温州宏丰
688163,赛伦生物
300654,世纪天鸿
603083,剑桥科技
688069,德林海
600678,四川金顶
002598,山东章鼓
002876,三利谱
002689,远大智能
688499,利元亨
300935,盈建科
600416,湘电股份
601881,中国银河
688295,中复神鹰
603928,兴业股份
002780,三夫户外
688565,力源科技
301379,天山电子
002523,天桥起重
001260,坤泰股份
300373,扬杰科技
600867,通化东宝
603273,天元智能
600037,歌华有线
300124,汇川技术
000020,深华发Ａ
603988,中电电机
600410,华胜天成
600820,隧道股份
002878,元隆雅图
838924,广脉科技
600933,爱柯迪
002642,荣联科技
002725,跃岭股份
002388,新亚制程
300640,德艺文创
300041,回天新材
003029,吉大正元
300838,浙江力诺
300096,ST易联众
603288,海天味业
301168,通灵股份
002184,海得控制
688330,宏力达
300701,森霸传感
605180,华生科技
603679,华体科技
300031,宝通科技
688562,航天软件
002161,远 望 谷
605339,南侨食品
300600,ST瑞科
301220,亚香股份
605186,健麾信息
605389,长龄液压
300128,锦富技术
003001,中岩大地
002368,太极股份
605058,澳弘电子
688382,益方生物-U
301149,隆华新材
600326,西藏天路
301525,儒竞科技
600203,福日电子
603726,朗迪集团
002929,润建股份
301005,超捷股份
605366,XD宏柏新
603261,立航科技
301365,矩阵股份
300487,蓝晓科技
603313,梦百合
002236,大华股份
301112,信邦智能
002877,智能自控
600129,太极集团
688570,天玛智控
000045,深纺织Ａ
603828,ST柯利达
600505,西昌电力
300371,汇中股份
301323,新莱福
002902,铭普光磁
601117,中国化学
300834,星辉环材
605128,上海沿浦
002449,国星光电
600372,中航机载
301041,金百泽
688701,卓锦股份
300813,泰林生物
603063,禾望电气
603048,浙江黎明
300999,金龙鱼
688557,兰剑智能
688229,博睿数据
830809,安达科技
300590,移为通信
603183,建研院
002620,瑞和股份
603307,扬州金泉
835207,众诚科技
601615,明阳智能
002675,东诚药业
301391,卡莱特
603629,利通电子
300989,蕾奥规划
688096,京源环保
002235,安妮股份
603117,ST万林
688777,中控技术
603212,赛伍技术
688072,拓荆科技
600654,中安科
002586,*ST围海
002529,海源复材
002451,摩恩电气
002207,准油股份
603918,金桥信息
601890,亚星锚链
300253,卫宁健康
603185,弘元绿能
601099,太平洋
002436,兴森科技
300804,广康生化
688305,科德数控
603859,能科科技
603520,司太立
603659,璞泰来
300155,安居宝
603040,新坐标
603662,柯力传感
603188,亚邦股份
300055,万邦达
002741,光华科技
300854,中兰环保
600714,金瑞矿业
688613,奥精医疗
300612,宣亚国际
300676,华大基因
300860,锋尚文化
688697,纽威数控
001326,联域股份
301072,中捷精工
688553,汇宇制药-W
301456,盘古智能
002467,二六三
003004,声迅股份
300274,阳光电源
001209,洪兴股份
301288,清研环境
300919,中伟股份
603191,望变电气
688119,中钢洛耐
600115,中国东航
603093,南华期货
000065,北方国际
301201,诚达药业
688146,中船特气
300674,宇信科技
603004,鼎龙科技
000729,燕京啤酒
600137,浪莎股份
600702,舍得酒业
002297,博云新材
300871,回盛生物
000668,荣丰控股
002251,*ST步高
834682,球冠电缆
688571,杭华股份
600600,青岛啤酒
301559,中集环科
688148,芳源股份
601111,中国国航
600906,财达证券
301188,力诺特玻
300102,乾照光电
002069,獐子岛
688189,南新制药
301162,国能日新
002559,亚威股份
002095,生 意 宝
300745,欣锐科技
301055,张小泉
000301,东方盛虹
688123,聚辰股份
603256,宏和科技
000922,佳电股份
300932,三友联众
301290,东星医疗
002692,远程股份
300113,顺网科技
605555,德昌股份
600776,东方通信
002747,埃斯顿
600208,新湖中宝
301069,凯盛新材
002872,ST天圣
688211,中科微至
688472,阿特斯
603683,晶华新材
300562,乐心医疗
301199,迈赫股份
301083,百胜智能
300245,天玑科技
001219,青岛食品
601882,海天精工
300853,申昊科技
002534,西子洁能
301138,华研精机
600993,马应龙
301019,宁波色母
600029,南方航空
301067,显盈科技
300398,飞凯材料
000547,航天发展
300146,汤臣倍健
601236,红塔证券
300381,溢多利
300438,鹏辉能源
600212,绿能慧充
300652,雷迪克
300572,安车检测
600329,达仁堂
301100,风光股份
300299,富春股份
688357,建龙微纳
688161,威高骨科
837212,智新电子
600422,昆药集团
300251,光线传媒
603159,上海亚虹
301017,漱玉平民
601688,华泰证券
300553,集智股份
002898,赛隆药业
002795,永和智控
603836,海程邦达
002304,洋河股份
688205,德科立
301376,致欧科技
002881,美格智能
301223,中荣股份
301207,华兰疫苗
300219,鸿利智汇
001225,和泰机电
300983,尤安设计
002987,京北方
301131,聚赛龙
000815,美利云
605388,均瑶健康
600455,博通股份
688722,同益中
000665,湖北广电
300419,浩丰科技
300826,测绘股份
600769,祥龙电业
603589,口子窖
688468,科美诊断
600055,万东医疗
603272,联翔股份
600105,永鼎股份
002027,分众传媒
002440,闰土股份
000682,东方电子
300422,博世科
002165,红 宝 丽
000759,中百集团
605488,福莱新材
001256,炜冈科技
603291,联合水务
300632,光莆股份
000063,中兴通讯
600718,东软集团
600560,金自天正
001289,龙源电力
688221,前沿生物-U
688786,悦安新材
301373,凌玮科技
002286,保龄宝
301487,盟固利
002672,东江环保
600262,北方股份
301128,强瑞技术
300095,华伍股份
300713,英可瑞
688395,正弦电气
002044,美年健康
601989,中国重工
601333,广深铁路
301198,喜悦智行
301362,民爆光电
688150,莱特光电
002354,天娱数科
300711,广哈通信
603392,万泰生物
833523,德瑞锂电
300316,晶盛机电
002963,豪尔赛
301075,多瑞医药
002569,ST步森
601456,国联证券
300157,新锦动力
688277,天智航-U
688203,海正生材
001336,楚环科技
300706,阿石创
600883,博闻科技
600169,太原重工
300421,力星股份
601599,浙文影业
688425,铁建重工
300271,华宇软件
301031,中熔电气
872808,曙光数创
601727,上海电气
002219,新里程
301106,骏成科技
300699,光威复材
301235,华康医疗
603919,金徽酒
601877,正泰电器
002915,中欣氟材
002605,姚记科技
600152,维科技术
688186,广大特材
300961,深水海纳
003027,同兴环保
603045,福达合金
688350,富淼科技
300766,每日互动
688136,科兴制药
603102,百合股份
603728,鸣志电器
600768,宁波富邦
688509,正元地信
000158,常山北明
001236,弘业期货
603533,掌阅科技
603696,安记食品
600851,海欣股份
300143,盈康生命
600292,远达环保
603666,亿嘉和
603536,惠发食品
600778,友好集团
300290,荣科科技
601211,国泰君安
603125,常青科技
300450,先导智能
000776,广发证券
002850,科达利
300806,斯迪克
688510,航亚科技
605577,龙版传媒
603331,百达精工
600078,澄星股份
300465,高伟达
601369,陕鼓动力
000536,华映科技
688281,华秦科技
300303,聚飞光电
600053,九鼎投资
002313,日海智能
002805,丰元股份
603260,合盛硅业
001210,金房能源
002828,贝肯能源
600353,旭光电子
601798,蓝科高新
603773,沃格光电
002402,和而泰
300798,锦鸡股份
300406,九强生物
002480,新筑股份
300036,超图软件
601901,XD方正证
002350,北京科锐
603131,上海沪工
300884,狄耐克
603889,新澳股份
300279,和晶科技
603059,倍加洁
300463,迈克生物
002625,光启技术
300491,通合科技
605136,丽人丽妆
300998,宁波方正
300471,厚普股份
001300,三柏硕
002287,奇正藏药
605288,凯迪股份
605168,三人行
300231,银信科技
003023,彩虹集团
600196,复星医药
600615,丰华股份
301119,正强股份
601985,中国核电
600941,中国移动
601208,东材科技
301081,严牌股份
605086,龙高股份
600989,宝丰能源
603333,尚纬股份
300690,双一科技
301101,明月镜片
000798,中水渔业
301270,汉仪股份
002185,华天科技
301097,天益医疗
300375,鹏翎股份
301150,中一科技
603863,松炀资源
000783,长江证券
688335,复洁环保
603676,卫信康
002892,科力尔
603381,永臻股份
300032,金龙机电
000519,中兵红箭
688128,中国电研
688103,国力股份
300814,中富电路
601696,中银证券
002401,中远海科
688156,路德环境
600155,华创云信
688239,航宇科技
000543,皖能电力
002825,纳尔股份
688630,芯碁微装
603655,朗博科技
300291,百纳千成
603586,金麒麟
002774,快意电梯
600637,东方明珠
688006,杭可科技
002316,亚联发展
002594,比亚迪
300963,中洲特材
688122,西部超导
603351,威尔药业
603688,石英股份
688359,三孚新科
002928,华夏航空
000156,华数传媒
600535,天士力
300726,宏达电子
601199,江南水务
300592,华凯易佰
300085,银之杰
002639,雪人股份
600967,内蒙一机
300670,大烨智能
301127,天源环保
002319,乐通股份
002651,利君股份
600927,永安期货
002887,绿茵生态
002346,柘中股份
300154,瑞凌股份
002109,兴化股份
000809,*ST和展
688218,江苏北人
002899,英派斯
301032,新柴股份
605151,西上海
301096,百诚医药
873339,恒太照明
002181,粤 传 媒
300528,幸福蓝海
001331,胜通能源
002749,国光股份
002324,普利特
301177,迪阿股份
688275,万润新能
605303,园林股份
001218,丽臣实业
300484,蓝海华腾
300532,今天国际
001299,美能能源
300503,昊志机电
300035,中科电气
603385,惠达卫浴
300774,倍杰特
002957,科瑞技术
300720,海川智能
603611,诺力股份
002063,远光软件
300920,润阳科技
000831,中国稀土
301395,仁信新材
603927,中科软
603823,百合花
688165,埃夫特-U
688322,奥比中光-UW
002647,仁东控股
002472,双环传动
002241,歌尔股份
002273,水晶光电
300864,南大环境
300138,晨光生物
600088,中视传媒
688623,双元科技
301121,紫建电子
301520,万邦医药
603236,移远通信
300616,尚品宅配
002333,罗普斯金
300891,惠云钛业
300830,金现代
600085,同仁堂
300112,万讯自控
002366,融发核电
300229,拓尔思
601921,浙版传媒
603650,彤程新材
603338,浙江鼎力
002560,通达股份
301008,宏昌科技
002554,惠博普
601021,春秋航空
688767,博拓生物
301171,易点天下
600363,联创光电
301227,森鹰窗业
300397,天和防务
301468,博盈特焊
003015,日久光电
002389,航天彩虹
603948,建业股份
003003,天元股份
002415,海康威视
830832,齐鲁华信
832419,路斯股份
601990,南京证券
300451,创业慧康
300385,雪浪环境
300340,科恒股份
300909,汇创达
002194,武汉凡谷
601388,怡球资源
002919,名臣健康
600309,万华化学
300949,奥雅股份
002723,小崧股份
688226,威腾电气
002469,三维化学
300908,仲景食品
002624,完美世界
300645,正元智慧
301230,泓博医药
300672,国科微
002212,天融信
000166,申万宏源
301355,南王科技
603289,泰瑞机器
601162,天风证券
000599,青岛双星
002065,东华软件
002922,伊戈尔
600990,四创电子
300322,硕贝德
002152,广电运通
688345,博力威
600179,安通控股
600876,凯盛新能
002801,微光股份
002544,普天科技
000768,中航西飞
688100,威胜信息
688420,美腾科技
300892,品渥食品
300443,金雷股份
603344,星德胜
603160,汇顶科技
301219,腾远钴业
000938,紫光股份
300986,志特新材
603085,天成自控
600202,哈空调
002211,宏达新材
001278,一彬科技
300821,东岳硅材
605255,天普股份
300276,三丰智能
603266,天龙股份
000970,中科三环
688185,康希诺
603860,中公高科
600935,华塑股份
300043,星辉娱乐
300666,江丰电子
300464,星徽股份
300119,瑞普生物
002039,黔源电力
002255,海陆重工
301555,惠柏新材
301268,铭利达
605138,盛泰集团
603719,良品铺子
002595,豪迈科技
688568,中科星图
301596,瑞迪智驱
002348,高乐股份
000701,厦门信达
600332,白云山
688196,卓越新能
600720,中交设计
603577,汇金通
603217,元利科技
600616,金枫酒业
300873,海晨股份
002660,茂硕电源
300966,共同药业
600556,天下秀
003022,联泓新科
600157,永泰能源
000869,张  裕Ａ
600405,动力源
600273,嘉化能源
601375,中原证券
000796,ST凯撒
002866,传艺科技
601198,东兴证券
301322,绿通科技
300237,美晨生态
000973,佛塑科技
301256,华融化学
002111,威海广泰
300204,舒泰神
300360,炬华科技
603667,五洲新春
002337,赛象科技
603373,安邦护卫
600563,法拉电子
688315,诺禾致源
002927,泰永长征
300166,东方国信
300578,会畅通讯
600358,国旅联合
300436,广生堂
002719,麦趣尔
000720,新能泰山
002352,顺丰控股
002158,汉钟精机
300206,理邦仪器
300215,电科院
002880,卫光生物
688563,航材股份
300634,彩讯股份
600779,水井坊
603173,福斯达
300753,爱朋医疗
300196,长海股份
688273,麦澜德
300777,中简科技
300519,新光药业
603638,艾迪精密
300975,商络电子
600435,北方导航
002364,中恒电气
002164,宁波东力
688718,唯赛勃
600523,贵航股份
603002,宏昌电子
600050,XD中国联
300259,新天科技
603718,XD海利生
300430,诚益通
002768,国恩股份
688316,青云科技-U
688314,康拓医疗
600864,哈投股份
002599,盛通股份
002360,同德化工
002403,爱仕达
688085,三友医疗
600478,科力远
301327,华宝新能
300050,世纪鼎利
002657,中科金财
300248,新开普
601186,中国铁建
300855,图南股份
600320,振华重工
000880,潍柴重机
688329,艾隆科技
002584,西陇科学
831961,创远信科
688653,康希通信
300837,浙矿股份
600312,XD平高电
000677,恒天海龙
688175,高凌信息
688321,微芯生物
300306,远方信息
301459,丰茂股份
002838,道恩股份
603115,海星股份
603171,税友股份
300047,天源迪科
002611,东方精工
603010,万盛股份
301399,英特科技
300057,万顺新材
600882,妙可蓝多
831834,三维股份
603899,晨光股份
002949,华阳国际
301326,捷邦科技
300785,值得买
300514,友讯达
300234,开尔新材
600379,宝光股份
600456,宝钛股份
002833,弘亚数控
002663,普邦股份
001318,阳光乳业
000409,云鼎科技
000712,锦龙股份
300715,凯伦股份
601728,中国电信
002476,宝莫股份
002921,联诚精密
002558,巨人网络
832982,锦波生物
002763,汇洁股份
603700,宁水集团
002004,华邦健康
301203,国泰环保
603968,醋化股份
301311,昆船智能
600415,小商品城
300498,温氏股份
300811,铂科新材
600969,郴电国际
002644,佛慈制药
688235,百济神州-U
000799,酒鬼酒
000669,ST金鸿
002787,华源控股
300130,新国都
001267,汇绿生态
605122,四方新材
301216,万凯新材
600062,华润双鹤
300390,天华新能
600197,伊力特
603335,迪生力
601096,宏盛华源
600545,卓郎智能
301229,纽泰格
300163,ST先锋
603090,宏盛股份
688370,丛麟科技
301439,泓淋电力
300195,长荣股份
300257,开山股份
603082,北自科技
300882,万胜智能
600872,中炬高新
688659,元琛科技
000597,东北制药
300846,首都在线
601108,财通证券
605336,帅丰电器
300426,唐德影视
001234,泰慕士
300332,天壕能源
688033,天宜上佳
002466,天齐锂业
300769,德方纳米
688098,申联生物
603569,长久物流
600346,恒力石化
837592,华信永道
600621,华鑫股份
601225,陕西煤业
000860,顺鑫农业
600573,惠泉啤酒
603778,国晟科技
603685,晨丰科技
603038,华立股份
688068,热景生物
001359,平安电工
002951,*ST金时
002455,百川股份
002115,三维通信
002138,顺络电子
300243,瑞丰高材
300402,宝色股份
300880,迦南智能
002019,亿帆医药
000948,南天信息
002980,华盛昌
000725,京东方Ａ
603073,彩蝶实业
688178,万德斯
000901,航天科技
833230,欧康医药
002861,瀛通通讯
688519,南亚新材
600076,康欣新材
301205,联特科技
601616,广电电气
002550,千红制药
002461,珠江啤酒
300140,节能环境
002367,康力电梯
300928,华安鑫创
002873,新天药业
301166,优宁维
300069,金利华电
301233,盛帮股份
600887,伊利股份
600493,XD凤竹纺
300985,致远新能
300625,三雄极光
688121,卓然股份
002493,荣盛石化
600151,航天机电
002470,金正大
301113,雅艺科技
300876,蒙泰高新
688410,山外山
000635,英 力 特
002868,绿康生化
300171,东富龙
600072,中船科技
301098,金埔园林
301123,奕东电子
603912,佳力图
603123,翠微股份
301486,致尚科技
600190,ST锦港
300393,中来股份
301387,光大同创
601336,新华保险
603169,兰石重装
600177,雅戈尔
601065,江盐集团
605177,东亚药业
688660,电气风电
301136,招标股份
002342,巨力索具
601916,浙商银行
600475,华光环能
300412,迦南科技
688155,先惠技术
300106,西部牧业
688739,成大生物
301182,凯旺科技
002256,兆新股份
000750,国海证券
300045,华力创通
603216,梦天家居
000983,山西焦煤
688576,西山科技
603421,鼎信通讯
603066,音飞储存
000062,深圳华强
600528,中铁工业
002460,赣锋锂业
603151,邦基科技
603869,ST智知
601016,节能风电
600010,包钢股份
603055,台华新材
300066,三川智慧
603950,长源东谷
688300,联瑞新材
601011,宝泰隆
300334,津膜科技
688707,振华新材
603096,新经典
003009,中天火箭
603259,药明康德
600797,浙大网新
301396,宏景科技
002076,星光股份
300445,康斯特
688819,天能股份
002151,北斗星通
688219,会通股份
300964,本川智能
300657,弘信电子
000722,湖南发展
300238,冠昊生物
600104,上汽集团
600894,广日股份
002334,英威腾
600109,国金证券
600645,中源协和
002855,捷荣技术
603496,恒为科技
002580,圣阳股份
002546,新联电子
002431,棕榈股份
002246,北化股份
600879,航天电子
603727,博迈科
600977,中国电影
300523,辰安科技
600228,返利科技
300773,拉卡拉
688007,光峰科技
603387,基蛋生物
300540,蜀道装备
600783,鲁信创投
002714,牧原股份
603458,勘设股份
300250,初灵信息
601618,XD中国中
601636,旗滨集团
603810,丰山集团
300981,中红医疗
001201,东瑞股份
600130,波导股份
301377,鼎泰高科
600095,湘财股份
688663,新风光
301429,森泰股份
002673,西部证券
002491,通鼎互联
300842,帝科股份
300541,先进数通
002756,永兴材料
870726,鸿智科技
002103,广博股份
003016,欣贺股份
600889,南京化纤
600661,昂立教育
002444,巨星科技
603127,昭衍新药
600330,天通股份
301370,国科恒泰
300850,新强联
603439,贵州三力
301303,真兰仪表
002752,昇兴股份
301558,三态股份
002050,三花智控
002884,凌霄泵业
300092,科新机电
002055,得润电子
002245,蔚蓝锂芯
000997,新 大 陆
688298,东方生物
688356,键凯科技
605018,长华集团
301192,泰祥股份
301366,一博科技
300024,机器人
603345,安井食品
002757,南兴股份
836077,吉林碳谷
000659,珠海中富
300265,通光线缆
600999,招商证券
301526,国际复材
002557,洽洽食品
002295,精艺股份
002792,通宇通讯
002917,金奥博
603877,太平鸟
600302,标准股份
002735,王子新材
605066,天正电气
601579,会稽山
603311,金海高科
600681,百川能源
000089,深圳机场
000802,北京文化
603137,恒尚节能
002797,第一创业
301372,科净源
605162,新中港
601177,杭齿前进
002939,长城证券
003011,海象新材
301046,能辉科技
300405,科隆股份
601999,出版传媒
002369,卓翼科技
301293,三博脑科
003037,三和管桩
002579,中京电子
688105,诺唯赞
688016,心脉医疗
603959,ST百利
603176,汇通集团
000903,云内动力
000811,冰轮环境
002712,思美传媒
688005,容百科技
002979,雷赛智能
300058,蓝色光标
002925,盈趣科技
603006,联明股份
300748,金力永磁
002666,德联集团
300750,宁德时代
601006,大秦铁路
600199,金种子酒
605369,拱东医疗
688448,磁谷科技
688269,凯立新材
603758,秦安股份
300631,久吾高科
831305,海希通讯
000705,浙江震元
603716,塞力医疗
301296,新巨丰
002748,ST世龙
002511,中顺洁柔
300581,晨曦航空
300518,新迅达
601918,新集能源
301115,建科股份
002422,科伦药业
600965,福成股份
600980,北矿科技
300933,中辰股份
300878,维康药业
600559,老白干酒
600337,美克家居
002153,石基信息
000812,陕西金叶
688246,嘉和美康
300619,金银河
688353,华盛锂电
688193,仁度生物
300482,万孚生物
603296,华勤技术
600690,海尔智家
603466,风语筑
600315,上海家化
300418,昆仑万维
688012,中微公司
603011,合锻智能
600255,鑫科材料
002785,万里石
002121,科陆电子
603633,徕木股份
601878,浙商证券
301018,申菱环境
002909,集泰股份
002238,天威视讯
300913,兆龙互连
300638,广和通
003036,泰坦股份
603213,镇洋发展
601799,星宇股份
600728,佳都科技
300452,山河药辅
300515,三德科技
002191,劲嘉股份
001208,华菱线缆
000423,东阿阿胶
603162,海通发展
002688,金河生物
000609,*ST中迪
603033,XD三维股
002224,三 力 士
600886,国投电力
600995,南网储能
300819,聚杰微纤
300008,天海防务
603556,海兴电力
600825,新华传媒
600343,航天动力
603429,集友股份
002696,百洋股份
001896,豫能控股
600172,黄河旋风
600487,亨通光电
300424,航新科技
000931,中 关 村
001282,三联锻造
300446,航天智造
300260,新莱应材
300007,汉威科技
002135,东南网架
300746,汉嘉设计
001323,慕思股份
603697,有友食品
603309,维力医疗
603568,伟明环保
300779,惠城环保
300448,浩云科技
300071,福石控股
003013,地铁设计
300241,瑞丰光电
301045,天禄科技
603903,中持股份
002669,康达新材
301234,五洲医疗
301291,明阳电气
002727,一心堂
300142,沃森生物
300580,贝斯特
603030,全筑股份
002548,金新农
000810,创维数字
002399,海普瑞
300829,金丹科技
600265,景谷林业
603218,日月股份
600640,国脉文化
002252,上海莱士
301302,华如科技
603089,正裕工业
300170,汉得信息
002760,凤形股份
300281,金明精机
000739,普洛药业
688538,和辉光电-U
601555,东吴证券
001332,锡装股份
603630,拉芳家化
300694,蠡湖股份
300788,中信出版
000895,双汇发展
002487,大金重工
300956,英力股份
002150,通润装备
002864,盘龙药业
002824,和胜股份
301122,采纳股份
002474,榕基软件
603489,八方股份
002962,五方光电
300129,泰胜风能
002123,梦网科技
002676,顺威股份
300770,新媒股份
300061,旗天科技
002736,国信证券
300403,汉宇集团
002984,森麒麟
600642,申能股份
605055,迎丰股份
688377,迪威尔
300722,新余国科
002112,三变科技
002082,万邦德
600785,新华百货
001379,腾达科技
002943,宇晶股份
601390,中国中铁
002201,正威新材
301328,维峰电子
300068,南都电源
300971,博亚精工
601163,三角轮胎
600036,招商银行
002926,华西证券
000591,太阳能
002148,北纬科技
300869,康泰医学
300420,五洋自控
000731,四川美丰
600839,四川长虹
300723,一品红
002661,克明食品
002492,恒基达鑫
603230,内蒙新华
600217,中再资环
300078,思创医惠
002853,皮阿诺
001205,盛航股份
300357,我武生物
688799,华纳药厂
300236,上海新阳
300475,香农芯创
605028,世茂能源
300624,万兴科技
002391,长青股份
002623,亚玛顿
300014,亿纬锂能
600449,宁夏建材
300628,亿联网络
300355,蒙草生态
003038,鑫铂股份
301175,中科环保
300642,透景生命
600984,建设机械
002942,新农股份
601106,中国一重
603999,读者传媒
688612,威迈斯
000532,华金资本
002739,万达电影
002847,盐津铺子
300193,佳士科技
002500,山西证券
002846,英联股份
000338,潍柴动力
600230,沧州大化
688192,迪哲医药-U
002202,金风科技
002328,新朋股份
300824,北鼎股份
002533,金杯电工
002530,金财互联
000096,广聚能源
002117,东港股份
600161,天坛生物
300617,安靠智电
603139,康惠制药
300548,博创科技
300595,欧普康视
603353,和顺石油
002365,永安药业
603052,可川科技
601718,际华集团
688567,孚能科技
603956,威派格
300358,楚天科技
688323,瑞华泰
002425,凯撒文化
301308,江波龙
002658,雪迪龙
301331,恩威医药
600775,南京熊猫
600305,恒顺醋业
002250,联化科技
603906,龙蟠科技
002677,浙江美大
603021,山东华鹏
601126,四方股份
301371,敷尔佳
600191,华资实业
300377,赢时胜
000833,粤桂股份
600818,中路股份
300384,三联虹普
605080,浙江自然
603626,科森科技
603612,索通发展
300040,九洲集团
688299,长阳科技
600996,贵广网络
300969,恒帅股份
000839,中信国安
002229,鸿博股份
301360,荣旗科技
000012,南  玻Ａ
000590,启迪药业
601229,上海银行
300084,海默科技
301529,福赛科技
300500,启迪设计
603833,欧派家居
002351,漫步者
600498,烽火通信
600241,时代万恒
300261,雅本化学
301015,百洋医药
603013,亚普股份
002860,星帅尔
301305,朗坤环境
603896,寿仙谷
001333,光华股份
603926,铁流股份
301060,兰卫医学
688176,亚虹医药-U
600261,阳光照明
001202,炬申股份
603028,赛福天
001311,多利科技
600176,中国巨石
605198,安德利
301167,建研设计
600059,古越龙山
300620,光库科技
603103,横店影视
300383,光环新网
002243,力合科创
301047,义翘神州
601669,XD中国电
300962,中金辐照
603187,海容冷链
300190,维尔利
600031,三一重工
603317,天味食品
605580,恒盛能源
603677,奇精机械
603978,深圳新星
688606,奥泰生物
301297,富乐德
002254,泰和新材
301238,瑞泰新材
870199,倍益康
000821,京山轻机
688533,上声电子
300591,万里马
000686,东北证券
002896,中大力德
688607,康众医疗
605069,正和生态
002007,华兰生物
605133,嵘泰股份
300054,鼎龙股份
002900,哈三联
002183,怡 亚 通
600351,亚宝药业
300389,艾比森
301516,中远通
300815,玉禾田
300009,安科生物
001211,双枪科技
000566,海南海药
600869,远东股份
600356,恒丰纸业
000698,沈阳化工
000400,许继电气
830964,润农节水
002815,崇达技术
301469,恒达新材
601619,嘉泽新能
300533,冰川网络
601991,大唐发电
600792,云煤能源
603087,甘李药业
002125,湘潭电化
300872,天阳科技
300485,赛升药业
002812,恩捷股份
001316,润贝航科
002522,浙江众成
600080,金花股份
300712,永福股份
603811,诚意药业
600318,新力金融
688253,英诺特
002485,ST雪发
301120,新特电气
601228,广州港
002173,创新医疗
300275,梅安森
300093,金刚光伏
300494,盛天网络
600406,国电南瑞
600903,贵州燃气
300076,GQY视讯
688255,凯尔达
300916,朗特智能
600696,岩石股份
300996,普联软件
300527,中船应急
603596,伯特利
300756,金马游乐
300925,法本信息
002590,万安科技
000876,新 希 望
301218,华是科技
300888,稳健医疗
001367,海森药业
688379,华光新材
001309,德明利
301080,百普赛斯
600763,通策医疗
002659,凯文教育
600973,宝胜股份
603901,永创智能
301246,宏源药业
600367,红星发展
601869,长飞光纤
300686,智动力
002809,红墙股份
603600,永艺股份
001298,好上好
603922,金鸿顺
603305,旭升集团
603687,大胜达
600182,S佳通
301519,舜禹股份
838275,驱动力
603022,新通联
600186,莲花控股
002413,雷科防务
605318,法狮龙
603768,常青股份
002398,垒知集团
834021,流金科技
839493,并行科技
002541,鸿路钢构
600488,津药药业
600983,惠而浦
001322,箭牌家居
001313,粤海饲料
002678,珠江钢琴
002139,拓邦股份
300217,东方电热
688109,品茗科技
002591,恒大高新
000912,泸天化
300428,立中集团
301281,科源制药
300858,科拓生物
600463,空港股份
002857,三晖电气
688360,德马科技
600132,重庆啤酒
600249,两面针
300182,捷成股份
603886,元祖股份
605011,杭州热电
600369,西南证券
002008,大族激光
688670,金迪克
002722,物产金轮
002176,江特电机
000582,北部湾港
600722,金牛化工
600580,卧龙电驱
601633,长城汽车
603086,先达股份
600610,中毅达
688276,百克生物
300326,凯利泰
002105,信隆健康
001319,铭科精技
002330,得利斯
002066,瑞泰科技
605169,洪通燃气
603097,江苏华辰
300052,中青宝
600271,航天信息
002090,金智科技
002514,宝馨科技
002107,沃华医药
000829,天音控股
300258,精锻科技
600674,川投能源
300136,信维通信
300516,久之洋
603798,康普顿
600592,龙溪股份
688409,富创精密
000935,四川双马
600375,*ST汉马
300660,江苏雷利
603071,物产环能
300883,龙利得
002056,横店东磁
300658,延江股份
002826,易明医药
300413,芒果超媒
688389,普门科技
300937,药易购
600390,五矿资本
300315,掌趣科技
002592,ST八菱
002144,宏达高科
603565,中谷物流
300449,汉邦高科
002616,长青集团
002291,遥望科技
688475,萤石网络
688408,中信博
600481,双良节能
600796,钱江生化
003035,南网能源
601068,中铝国际
002946,新乳业
002693,双成药业
603566,普莱柯
688108,赛诺医疗
603709,DR中源家
600222,太龙药业
000401,冀东水泥
600909,华安证券
002270,华明装备
300664,鹏鹞环保
600135,乐凯胶片
002883,中设股份
601968,宝钢包装
301349,信德新材
831278,泰德股份
002395,双象股份
002738,中矿资源
600784,鲁银投资
600089,特变电工
603787,新日股份
603817,海峡环保
003019,宸展光电
603339,四方科技
300673,佩蒂股份
600550,保变电气
600750,江中药业
000950,重药控股
603161,科华控股
600084,中信尼雅
603041,美思德
002519,银河电子
601988,中国银行
300286,安科瑞
301369,联动科技
600787,中储股份
002434,万里扬
603444,吉比特
300663,科蓝软件
301313,凡拓数创
688387,信科移动-U
300232,洲明科技
688334,西高院
300318,博晖创新
000917,电广传媒
300958,建工修复
301368,丰立智能
000636,风华高科
835670,数字人
601567,三星医疗
600237,铜峰电子
300775,三角防务
000987,越秀资本
002104,恒宝股份
002379,宏创控股
002582,好想你
603887,城地香江
601377,兴业证券
002404,嘉欣丝绸
002200,ST交投
603615,茶花股份
300601,康泰生物
300530,领湃科技
300034,钢研高纳
688051,佳华科技
600167,联美控股
603838,四通股份
300263,隆华科技
600276,恒瑞医药
300457,赢合科技
300555,ST路通
000676,智度股份
603567,珍宝岛
688518,联赢激光
300898,熊猫乳品
300907,康平科技
000795,英洛华
601166,兴业银行
601816,京沪高铁
603298,杭叉集团
600061,国投资本
600795,国电电力
000791,甘肃能源
002633,申科股份
600644,乐山电力
002037,保利联合
603281,江瀚新材
301259,艾布鲁
605300,佳禾食品
300781,因赛集团
300444,双杰电气
300270,中威电子
002759,天际股份
603599,广信股份
002394,联发股份
600018,上港集团
600764,中国海防
603605,珀莱雅
002991,甘源食品
003025,思进智能
301587,中瑞股份
600229,城市传媒
605208,永茂泰
300429,强力新材
002198,嘉应制药
300345,华民股份
002074,国轩高科
002679,福建金森
002950,奥美医疗
600926,杭州银行
300849,锦盛新材
600671,ST目药
600218,全柴动力
301448,开创电气
002975,博杰股份
603456,九洲药业
688065,凯赛生物
300179,四方达
002276,万马股份
000025,特  力Ａ
600551,时代出版
603016,新宏泰
300887,谱尼测试
600026,中远海能
300602,飞荣达
000752,ST西发
688317,之江生物
688683,莱尔科技
002100,天康生物
000920,沃顿科技
605365,立达信
836419,万德股份
603190,亚通精工
000988,华工科技
002820,桂发祥
300434,金石亚药
688737,中自科技
000685,中山公用
002174,游族网络
603755,日辰股份
301317,鑫磊股份
003033,征和工业
300633,开立医疗
603201,常润股份
300703,创源股份
600599,ST熊猫
603858,步长制药
600900,XD长江电
600596,新安股份
603530,神马电力
603799,华友钴业
603282,亚光股份
002015,协鑫能科
301186,超达装备
603017,中衡设计
300037,新宙邦
836892,广咨国际
605299,舒华体育
600597,光明乳业
002221,东华能源
688500,慧辰股份
002456,欧菲光
603026,石大胜华
300468,四方精创
300993,玉马遮阳
300002,神州泰岳
600875,东方电气
601022,宁波远洋
003021,兆威机电
600200,江苏吴中
300610,晨化股份
603890,春秋电子
688558,国盛智科
603368,柳药集团
002416,爱施德
003032,传智教育
600837,海通证券
001376,百通能源
832802,保丽洁
300836,佰奥智能
002373,千方科技
603703,盛洋科技
002023,海特高新
600338,西藏珠峰
301428,世纪恒通
603036,如通股份
603826,坤彩科技
000151,中成股份
301307,美利信
002911,佛燃能源
603585,苏利股份
603908,牧高笛
603551,奥普科技
300800,力合科技
830799,艾融软件
002536,飞龙股份
600038,中直股份
603822,嘉澳环保
002646,天佑德酒
002961,瑞达期货
300349,金卡智能
603156,养元饮品
605100,华丰股份
300970,华绿生物
603303,得邦照明
605189,富春染织
603698,航天工程
603639,海利尔
002317,众生药业
300784,利安科技
300525,博思软件
300363,博腾股份
301197,工大科雅
605277,新亚电子
301277,新天地
688789,DR宏华数
835368,连城数控
001230,劲旅环境
300075,数字政通
002732,燕塘乳业
600992,贵绳股份
300151,昌红科技
002965,祥鑫科技
300951,博硕科技
603153,上海建科
002709,天赐材料
002568,百润股份
688308,欧科亿
301155,海力风电
688265,XD南模生
300545,联得装备
002997,瑞鹄模具
688326,经纬恒润-W
301272,英华特
605098,行动教育
688520,神州细胞-U
688008,澜起科技
000661,长春高新
300896,爱美客
871970,大禹生物
839729,永顺生物
836263,中航泰达
835305,云创数据
833575,康乐卫士
830974,凯大催化
688779,长远锂科
688721,龙图光罩
688573,信宇人
688555,退市泽达
688403,汇成股份
688386,泛亚微透
688210,统联精密
688093,世华科技
688086,退市紫晶
605268,王力安防
605155,西大门
605001,威奥股份
603996,退市中新
603958,哈森股份
603917,合力科技
603916,苏博特
603815,交建股份
603779,威龙股份
603717,天域生态
603637,镇海股份
603616,韩建河山
603603,退市博天
603555,ST贵人
603391,力聚热能
603361,浙江国祥
603359,东珠生态
603330,XD天洋新
603316,诚邦股份
603308,应流股份
603301,振德医疗
603223,恒通股份
603222,济民医疗
603166,福达股份
603165,荣晟环保
603157,退市拉夏
603133,退市碳元
603126,中材节能
603116,红蜻蜓
603057,紫燕食品
603023,*ST威帝
603020,爱普股份
601996,丰林集团
601992,金隅集团
601956,东贝集团
601929,吉视传媒
601880,辽港股份
601818,光大银行
601789,宁波建工
601678,滨化股份
601568,北元集团
601558,退市锐电
601398,工商银行
601330,绿色动力
601299,中国北车
601268,*ST二重
601258,*ST庞大
601226,华电重工
601200,上海环境
601009,南京银行
601005,重庆钢铁
600991,广汽长丰
600982,宁波能源
600978,*ST宜生
600959,江苏有线
600899,*ST信联
600898,*ST美讯
600896,退市海医
600891,退市秋林
600890,退市中房
600884,杉杉股份
600878,*ST北科
600870,退市厦华
600868,梅雁吉祥
600856,退市中天
600852,*ST中川
600849,上药转换
600847,万里股份
600842,中西药业
600840,新湖创业
600836,*ST易连
600832,东方明珠
600829,人民同泰
600823,*ST世茂
600816,建元信托
600815,厦工股份
600813,ST鞍一工
600806,退市昆机
600799,*ST龙科
600791,京能置业
600790,轻纺城
600788,*ST达曼
600786,东方锅炉
600781,退市辅仁
600780,通宝能源
600774,汉商集团
600772,S*ST龙昌
600767,退市运盛
600766,退市园城
600762,S*ST金荔
600752,*ST哈慈
600751,海航科技
600747,退市大控
600744,华银电力
600723,首商股份
600709,ST生态
600701,退市工新
600700,*ST数码
600695,退市绿庭
600687,退市刚泰
600680,*ST上普
600677,*ST航通
600672,*ST华圣
600670,*ST斯达
600669,*ST鞍成
600668,尖峰集团
600666,ST瑞德
600659,*ST花雕
600656,退市博元
600653,申华控股
600652,退市游久
600647,退市同达
600646,ST国嘉
600643,爱建集团
600634,退市富控
600632,华联商厦
600631,百联股份
600627,上电股份
600625,PT水仙
600614,退市鹏起
600607,上实医药
600591,*ST上航
600590,泰豪科技
600579,克劳斯
600567,山鹰国际
600565,ST迪马
600555,退市海创
600553,太行水泥
600552,凯盛科技
600540,新赛股份
600532,退市未来
600527,江南高纤
600518,康美药业
600509,天富能源
600507,方大特钢
600485,*ST信威
600472,包头铝业
600470,六国化工
600466,*ST蓝光
600458,时代新材
600432,退市吉恩
600419,天润乳业
600408,安泰集团
600403,大有能源
600401,退市海润
600400,红豆股份
600395,盘江股份
600393,ST粤泰
600385,退市金泰
600357,承德钒钛
600340,华夏幸福
600333,长春燃气
600328,中盐化工
600321,正源股份
600317,营口港
600311,*ST荣华
600306,退市商城
600297,广汇汽车
600296,S兰铝
600291,退市西水
600290,*ST华仪
600287,ST舜天
600286,S*ST国瓷
600282,南钢股份
600277,ST亿利
600275,退市昌鱼
600270,外运发展
600263,路桥建设
600260,*ST凯乐
600253,天方药业
600247,*ST成城
600242,退市中昌
600240,退市华业
600235,民丰特纸
600225,卓朗科技
600220,ST阳光
600213,*ST亚星
600209,退市罗顿
600205,S山东铝
600192,长城电工
600181,S*ST云大
600175,退市美都
600146,退市环球
600145,退市新亿
600139,*ST西源
600136,ST明诚
600126,杭钢股份
600122,*ST宏图
600102,莱钢股份
600093,退市易见
600092,S*ST精密
600091,退市明科
600090,退市济堂
600087,退市长油
600086,退市金钰
600077,*ST宋都
600074,退市保千
600069,退市银鸽
600068,葛洲坝
600065,*ST联谊
600027,华电国际
600022,山东钢铁
600017,日照港
600005,武钢股份
600003,ST东北高
600002,齐鲁石化
600001,邯郸钢铁
430556,雅达股份
301608,博实结
301606,绿联科技
301552,科力装备
301511,德福科技
301392,汇成真空
301109,军信股份
301088,戎美股份
301038,深水规院
301009,可靠股份
300840,酷特智能
300736,百邦科技
300735,光弘科技
300626,华瑞股份
300569,天能重工
300566,激智科技
300542,新晨科技
300526,中潜退
300517,海波重科
300506,*ST名家
300495,*ST美尚
300477,合纵科技
300459,汤姆猫
300453,三鑫医疗
300431,暴风退
300425,中建环能
300392,腾信退
300372,欣泰退
300370,安控科技
300367,网力退
300362,天翔退
300356,光一退
300338,*ST开元
300336,新文退
300335,迪森股份
300330,计通退
300328,宜安科技
300325,德威退
300314,戴维医疗
300312,邦讯退
300310,宜通世纪
300309,吉艾退
300297,蓝盾退
300296,利亚德
300282,三盛退
300278,华昌达
300273,和佳退
300268,ST佳沃
300262,*ST巴安
300230,永利股份
300216,千山退
300202,聚龙退
300194,福安药业
300186,大华农
300178,腾邦退
300173,福能东方
300160,秀强股份
300156,神雾退
300153,科泰电源
300152,新动力
300127,银河磁体
300116,*ST保力
300105,龙源技术
300104,乐视退
300100,双林股份
300090,盛运退
300089,文化退
300088,长信科技
300079,数码视讯
300064,金刚退
300038,数知退
300028,金亚退
300027,华谊兄弟
300023,宝德退
300019,硅宝科技
300016,北陆药业
300013,*ST新宁
300006,莱美药业
300004,南风股份
003012,东鹏控股
002996,顺博合金
002960,青鸟消防
002923,润都股份
002851,麦格米特
002837,英维克
002818,富森美
002807,江阴银行
002799,环球印务
002796,世嘉科技
002791,坚朗五金
002781,奇信退
002776,*ST柏龙
002770,科迪退
002755,奥赛康
002751,易尚退
002743,富煌钢构
002740,*ST爱迪
002711,欧浦退
002702,海欣食品
002701,奥瑞金
002699,*ST美盛
002695,煌上煌
002684,猛狮退
002681,奋达科技
002680,长生退
002665,ST航高
002645,华宏科技
002640,跨境通
002630,华西能源
002621,*ST美吉
002619,*ST艾格
002618,丹邦退
002612,朗姿股份
002610,ST爱康
002604,龙力退
002593,日上集团
002585,双星新材
002581,未名医药
002567,唐人神
002551,尚荣医疗
002547,春兴精工
002542,中化岩土
002524,光正眼科
002515,金字火腿
002512,达华智能
002509,天茂退
002505,鹏都农牧
002504,*ST弘高
002503,*ST搜特
002502,ST鼎龙
002501,利源股份
002499,科林退
002495,佳隆股份
002486,嘉麟杰
002477,雏鹰退
002473,圣莱退
002464,众应退
002462,嘉事堂
002450,康得退
002447,晨鑫退
002443,金洲管道
002435,ST长康
002433,太安退
002426,胜利精密
002417,深南退
002412,汉森制药
002411,必康退
002397,梦洁股份
002387,维信诺
002382,蓝帆医疗
002381,双箭股份
002377,国创高新
002359,北讯退
002358,森源电气
002356,赫美集团
002341,ST新纶
002325,*ST洪涛
002320,海峡股份
002309,*ST中利
002303,美盈森
002293,罗莱生活
002288,*ST超华
002280,ST联络
002278,神开股份
002260,德奥退
002239,奥特佳
002231,奥维通信
002220,天宝退
002204,大连重工
002195,岩山科技
002178,延华智能
002177,御银股份
002169,智光电气
002154,报 喜 鸟
002147,新光退
002145,中核钛白
002143,印纪退
002141,*ST贤丰
002140,东华科技
002118,*ST紫鑫
002113,*ST天润
002108,沧州明珠
002089,新海退
002087,新纺退
002086,东方海洋
002071,长城退
002070,众和退
002067,景兴纸业
002057,中钢天源
002054,德美化工
002042,华孚时尚
002040,南 京 港
002031,巨轮智能
002028,思源电气
002020,京新药业
002018,华信退
002013,中航机电
002002,ST鸿达
001216,华瓷股份
000996,中期退
000993,闽东电力
000982,中银绒业
000981,山子高科
000979,中弘退
000971,*ST高升
000961,ST中南
000956,中原油气
000955,欣龙控股
000939,凯迪退
000929,兰州黄河
000918,*ST嘉凯
000916,华北高速
000892,欢瑞世纪
000868,安凯客车
000866,扬子石化
000861,海印股份
000838,财信发展
000836,ST富通
000835,长动退
000832,*ST龙涤
000827,*ST长兴
000817,辽河油田
000806,银河退
000805,*ST炎黄
000788,北大医药
000787,*ST创智
000780,ST平能
000769,*ST大菲
000765,*ST华信
000763,锦州石化
000760,斯太退
000756,新华制药
000748,长城信息
000732,ST泰禾
000730,*ST环保
000717,中南股份
000716,黑芝麻
000699,S*ST佳纸
000693,华泽退
000689,ST宏业
000687,华讯退
000678,襄阳轴承
000675,ST银山
000673,当代退
000671,ST阳光城
000667,ST美置
000666,经纬纺机
000662,天夏退
000660,*ST南华
000658,ST海洋
000656,*ST金科
000653,ST九州
000652,泰达股份
000639,西王食品
000629,钒钛股份
000621,*ST比特
000619,海螺新材
000618,吉林化工
000616,*ST海投
000613,东海A退
000611,天首退
000607,华媒控股
000606,顺利退
000602,金马集团
000595,宝塔实业
000594,国恒退
000588,PT粤金曼
000587,*ST金洲
000585,东电退
000583,S*ST托普
000578,盐湖集团
000570,苏常柴Ａ
000569,长城股份
000565,渝三峡Ａ
000564,供销大集
000562,宏源证券
000556,PT南洋
000549,S湘火炬
000545,金浦钛业
000542,TCL通讯
000540,*ST中天
000535,*ST猴王
000534,万泽股份
000533,顺钠股份
000530,冰山冷热
000527,美的电器
000526,学大教育
000523,红棉股份
000522,白云山A
000516,国际医学
000515,攀渝钛业
000511,烯碳退
000509,华塑控股
000508,琼民源A
000502,绿景退
000418,小天鹅A
000416,*ST民控
000412,ST五环
000411,英特集团
000410,沈阳机床
000406,石油大明
000405,ST鑫光
000150,*ST宜康
000088,盐 田 港
000056,皇庭国际
000050,深天马Ａ
000047,ST中侨
000046,*ST泛海
000038,大通退
000033,新都退
000024,招商地产
000018,神城A退
000015,PT中浩A
000013,*ST石化A
000005,ST星源
000003,PT金田A
688198,佰仁医疗
301589,诺瓦星云
300776,帝尔激光
301261,恒工精密
688180,君实生物-U
300627,华测导航
688073,毕得医药
600685,中船防务
600885,宏发股份
600259,广晟有色
600482,中国动力
301130,西点药业
603203,快克智能
688652,京仪装备
301565,中仑新材
300938,信测标准
301276,嘉曼服饰
300492,华图山鼎
600079,人福医药
603737,三棵树
688075,安旭生物
003008,开普检测
603231,索宝蛋白
600557,康缘药业
603043,广州酒家
605338,巴比食品
001231,农心科技
002935,天奥电子
605377,华旺科技
688363,华熙生物
837006,晟楠科技
003041,真爱美家
603788,宁波高发
430017,星昊医药
301087,可孚医疗
300816,艾可蓝
300856,科思股份
301588,美新科技
603587,地素时尚
002009,天奇股份
603136,天目湖
603076,乐惠国际
300738,奥飞数据
300812,易天股份
603315,福鞍股份
605337,李子园
605016,百龙创园
301398,星源卓镁
300772,运达股份
301093,华兰股份
300255,常山药业
688627,精智达
603042,华脉科技
300606,金太阳
002989,中天精装
605179,一鸣食品
000026,飞亚达
000524,岭南控股
002893,京能热力
600011,华能国际
301020,密封科技
000581,威孚高科
000969,安泰科技
603058,永吉股份
603678,火炬电子
600513,联环药业
301108,洁雅股份
603105,芯能科技
601611,中国核建
002457,青龙管业
300957,贝泰妮
601238,广汽集团
600188,兖矿能源
600236,桂冠电力
603517,绝味食品
300757,罗博特科
300320,海达股份
603937,丽岛新材
601328,交通银行
002227,奥 特 迅
301053,远信工业
300755,华致酒行
000680,山推股份
002312,川发龙蟒
300490,华自科技
000048,京基智农
301512,智信精密
603177,德创环保
600955,维远股份
002726,龙大美食
003030,祖名股份
603976,正川股份
600201,生物股份
301267,华厦眼科
002349,精华制药
002978,安宁股份
000623,吉林敖东
600598,北大荒
870299,灿能电力
834765,美之高
002149,西部材料
600099,林海股份
603399,永杉锂业
300724,捷佳伟创
605007,五洲特纸
300177,中海达
000728,国元证券
603306,华懋科技
600215,派斯林
603528,多伦科技
603987,康德莱
300609,汇纳科技
600128,苏豪弘业
605020,永和股份
300586,美联新材
003039,顺控发展
600754,锦江酒店
301157,华塑科技
600025,华能水电
300387,富邦股份
301548,崇德科技
603538,美诺华
002383,合众思壮
002772,众兴菌业
300818,耐普矿机
603060,国检集团
603578,三星新材
000905,厦门港务
002363,隆基机械
002895,川恒股份
002407,多氟多
835184,国源科技
603007,ST花王
601668,中国建筑
601319,中国人保
600835,上海机电
300039,上海凯宝
836422,润普食品
600613,神奇制药
002371,北方华创
002614,奥佳华
603119,浙江荣泰
301148,嘉戎技术
300697,电工合金
603326,我乐家居
601088,中国神华
002597,金禾实业
688257,新锐股份
600479,千金药业
603122,合富中国
002030,达安基因
002762,金发拉比
600925,苏能股份
600004,白云机场
000690,宝新能源
301345,涛涛车业
300725,药石科技
600848,上海临港
601288,农业银行
300025,华星创业
000531,穗恒运Ａ
300239,东宝生物
300866,安克创新
300343,联创股份
603053,成都燃气
603699,纽威股份
002465,海格通信
002249,大洋电机
300639,凯普生物
300272,开能健康
002643,万润股份
002488,金固股份
603239,浙江仙通
002813,路畅科技
603583,捷昌驱动
600863,内蒙华电
000593,德龙汇能
000507,珠海港
603757,大元泵业
600717,天津港
300172,中电环保
300048,合康新能
300224,正海磁材
600373,中文传媒
688139,海尔生物
688517,金冠电气
300070,碧水源
605060,联德股份
603967,中创物流
002483,润邦股份
002507,涪陵榨菜
605050,福然德
600739,辽宁成大
300692,中环环保
300596,利安隆
002932,明德生物
601800,中国交建
300682,朗新集团
603209,兴通股份
603208,江山欧派
600336,澳柯玛
300739,明阳电路
601368,绿城水务
300567,精测电子
603839,安正时尚
300852,四会富仕
002687,乔治白
688184,帕瓦股份
600517,国网英大
000967,盈峰环境
601872,招商轮船
600805,悦达投资
000786,北新建材
300187,永清环保
000100,TCL科技
002583,海能达
603237,五芳斋
601098,中南传媒
300568,星源材质
000985,大庆华科
600052,东望时代
002683,广东宏大
603885,吉祥航空
002281,光迅科技
300067,安诺其
000042,中洲控股
600956,新天绿能
300121,阳谷华泰
600283,钱江水利
600506,统一股份
600016,民生银行
603279,景津装备
002510,天汽模
002010,传化智联
000762,西藏矿业
833943,优机股份
603511,爱慕股份
000915,华特达因
601838,成都银行
688621,阳光诺和
600854,春兰股份
605399,晨光新材
600526,菲达环保
601608,中信重工
603229,奥翔药业
600032,浙江新能
300760,迈瑞医疗
000651,格力电器
600724,宁波富达
603606,东方电缆
600019,宝钢股份
002438,江苏神通
601018,宁波港
688279,峰岹科技
601008,连云港
688677,海泰新光
301502,华阳智能
300483,首华燃气
600114,东睦股份
301178,天亿马
601666,平煤股份
600248,XD陕建股
600063,皖维高新
002479,富春环保
002225,濮耐股份
301200,大族数控
000863,三湘印象
000488,晨鸣纸业
301007,德迈仕
002733,雄韬股份
605507,国邦医药
002631,德尔未来
002060,广东建工
002347,泰尔股份
603182,嘉华股份
600193,创兴资源
002891,中宠股份
600698,湖南天雁
600558,大西洋
002948,青岛银行
603226,菲林格尔
600664,哈药股份
002390,信邦制药
002101,广东鸿图
300021,大禹节水
300473,德尔股份
600015,华夏银行
836957,汉维科技
600028,中国石化
002879,长缆科技
600223,福瑞达
688082,XD盛美上
002811,郑中设计
002602,世纪华通
603790,雅运股份
002046,国机精工
600149,廊坊发展
300244,迪安诊断
688388,嘉元科技
600301,华锡有色
603966,法兰泰克
002706,良信股份
300432,富临精工
002498,汉缆股份
002171,楚江新材
600425,青松建化
002016,世荣兆业
600121,郑州煤电
603797,联泰环保
688639,华恒生物
000850,华茂股份
002798,帝欧家居
002136,安 纳 达
000420,吉林化纤
688190,云路股份
002566,益盛药业
600355,精伦电子
000828,东莞控股
601083,锦江航运
600098,广州发展
601113,华鼎股份
002835,同为股份
605008,长鸿高科
601222,林洋能源
833819,颖泰生物
600426,华鲁恒升
002361,神剑股份
002081,金 螳 螂
002981,朝阳科技
603725,天安新材
000537,中绿电
600593,大连圣亚
830779,武汉蓝电
603801,志邦家居
000968,蓝焰控股
002882,金龙羽
300233,金城医药
688575,亚辉龙
600008,首创环保
300396,迪瑞医疗
002494,华斯股份
002116,中国海诚
600583,海油工程
301000,肇民科技
002968,新大正
002080,中材科技
600156,华升股份
600323,瀚蓝环境
300948,冠中生态
002266,浙富控股
600529,山东药玻
002969,嘉美包装
603325,博隆技术
002448,中原内配
603178,圣龙股份
300080,易成新能
600589,广东榕泰
300388,节能国祯
600299,安迪苏
000009,中国宝安
300307,慈星股份
002163,海南发展
300685,艾德生物
601601,中国太保
600798,宁波海运
000617,中油资本
000600,建投能源
002307,北新路桥
002998,优彩资源
001366,播恩集团
002958,青农商行
002240,盛新锂能
600378,昊华科技
002329,皇氏集团
601566,九牧王
301213,观想科技
603601,再升科技
300161,华中数控
605099,共创草坪
603990,麦迪科技
600581,八一钢铁
000001,平安银行
601218,吉鑫科技
301026,浩通科技
600268,国电南自
300893,松原股份
600716,凤凰股份
000632,三木集团
000407,胜利股份
002817,黄山胶囊
300910,瑞丰新材
600759,洲际油气
002258,利尔化学
601399,国机重装
002099,海翔药业
603909,建发合诚
600056,中国医药
600051,宁波联合
000528,柳    工
300662,科锐国际
002034,旺能环境
600821,金开新能
839273,一致魔芋
300094,国联水产
688223,晶科能源
601860,紫金银行
002842,翔鹭钨业
603519,立霸股份
002803,吉宏股份
601658,邮储银行
873152,天宏锂电
300912,凯龙高科
688213,思特威-W
002907,华森制药
600267,海正药业
603267,鸿远电子
601866,中远海发
601158,重庆水务
002570,贝因美
603327,福蓉科技
600021,上海电力
002478,常宝股份
002300,太阳电缆
605199,葫芦娃
300181,佐力药业
601908,京运通
002786,银宝山新
002084,海鸥住工
600300,维维股份
600116,XD三峡水
002120,韵达股份
002930,宏川智慧
301011,华立科技
600234,*ST科新
300621,维业股份
603883,老百姓
301071,力量钻石
600727,鲁北化工
002565,顺灏股份
600396,金山股份
300786,国林科技
001217,华尔泰
301070,开勒股份
000723,美锦能源
601689,DR拓普集
001227,兰州银行
301181,标榜股份
002284,亚太股份
688668,鼎通科技
603238,诺邦股份
301065,本立科技
837242,建邦科技
000027,深圳能源
002734,利民股份
603367,辰欣药业
002765,蓝黛科技
002216,三全食品
600844,丹化科技
002526,山东矿机
000683,远兴能源
603669,灵康药业
002603,以岭药业
300003,乐普医疗
600705,中航产融
600423,柳化股份
002721,ST金一
001330,博纳影业
603101,汇嘉时代
688700,东威科技
603080,新疆火炬
600939,重庆建工
600000,浦发银行
600731,湖南海利
600170,上海建工
300488,恒锋工具
601778,晶科科技
000966,长源电力
300399,天利科技
601868,中国能建
002421,达实智能
002277,友阿股份
300926,博俊科技
002635,安洁科技
000333,美的集团
600704,物产中大
603969,银龙股份
002508,老板电器
300825,阿尔特
002419,天虹股份
000919,金陵药业
000028,国药一致
600257,大湖股份
603012,创力集团
600233,圆通速递
603708,家家悦
300629,新劲刚
002132,恒星科技
000823,超声电子
600773,XD西藏城
601888,中国中免
688456,有研粉材
600143,金发科技
836433,大唐药业
000419,通程控股
603808,歌力思
301393,昊帆生物
600392,盛和资源
000800,一汽解放
002918,蒙娜丽莎
688019,安集科技
002601,龙佰集团
002521,齐峰新材
601801,皖新传媒
000513,丽珠集团
000727,冠捷科技
300114,中航电测
601898,中煤能源
834639,晨光电缆
300158,振东制药
002839,张家港行
000881,中广核技
300862,蓝盾光电
000962,东方钽业
300688,创业黑马
600808,马钢股份
300558,贝达药业
873593,鼎智科技
600226,亨通股份
001338,永顺泰
300778,新城市
002836,新宏泽
300466,赛摩智能
688248,南网科技
000598,兴蓉环境
000885,城发环境
688169,石头科技
002506,协鑫集成
300994,久祺股份
600459,贵研铂业
300337,银邦股份
600512,腾达建设
300534,陇神戎发
000518,四环生物
002761,浙江建投
002705,新宝股份
603610,麒盛科技
300063,天龙集团
002206,海 利 得
832662,方盛股份
600389,江山股份
600525,长园集团
002386,天原股份
600500,中化国际
002863,今飞凯达
002263,大东南
603809,豪能股份
688097,博众精工
301515,港通医疗
300727,润禾材料
603693,江苏新能
600985,淮北矿业
600366,宁波韵升
600584,长电科技
600180,瑞茂通
605178,时空科技
605088,冠盛股份
001872,招商港口
600749,西藏旅游
002628,成都路桥
300404,博济医药
603602,纵横通信
873527,夜光明
000877,天山股份
300765,新诺威
300159,新研股份
000551,创元科技
002852,道道全
600285,羚锐制药
300015,爱尔眼科
000990,诚志股份
600929,雪天盐业
600871,石化油服
000422,湖北宜化
600279,重庆港
002022,科华生物
603915,国茂股份
002956,西麦食品
605287,德才股份
600917,重庆燃气
000404,长虹华意
600397,安源煤业
600382,广东明珠
002959,小熊电器
605077,华康股份
600039,四川路桥
301312,智立方
600380,健康元
600023,浙能电力
002936,郑州银行
000951,中国重汽
603777,来伊份
000852,石化机械
300904,威力传动
300790,宇瞳光学
002166,莱茵生物
605305,中际联合
603366,日出东方
601010,文峰股份
300501,海顺新材
301539,宏鑫科技
605259,绿田机械
300242,佳云科技
002632,道明光学
002167,东方锆业
002393,力生制药
600503,华丽家族
300284,苏交科
002051,中工国际
000875,吉电股份
300497,富祥药业
601825,沪农商行
301248,杰创智能
300614,百川畅银
300409,道氏技术
600103,青山纸业
002318,久立特材
603112,华翔股份
601811,新华文轩
000902,新洋丰
300256,星星科技
002615,哈尔斯
002537,海联金汇
601058,赛轮轮胎
603172,万丰股份
603077,和邦生物
000055,方大集团
605368,蓝天燃气
002664,信质集团
600153,建发股份
000998,隆平高科
300604,长川科技
300833,浩洋股份
002175,东方智造
002021,中捷资源
600682,南京新百
600587,新华医疗
603100,川仪股份
300510,金冠股份
000498,山东路桥
601919,中远海控
000589,贵州轮胎
603663,三祥新材
600566,济川药业
832469,富恒新材
002374,中锐股份
601326,秦港股份
600928,西安银行
000034,神州数码
000539,粤电力Ａ
601628,中国人寿
300026,红日药业
300577,开润股份
300529,健帆生物
600919,江苏银行
002078,太阳纸业
688009,中国通号
600308,华泰股份
002326,永太科技
002301,齐心集团
000888,峨眉山Ａ
002047,宝鹰股份
605500,森林包装
601577,长沙银行
002344,海宁皮城
002340,格林美
600348,华阳股份
300254,仟源医药
688526,科前生物
301301,川宁生物
300110,华仁药业
002423,中粮资本
002538,司尔特
300319,麦捷科技
600971,恒源煤电
600594,益佰制药
605005,合兴股份
002977,天箭科技
000610,西安旅游
603861,白云电器
301498,乖宝宠物
600966,博汇纸业
837174,宏裕包材
600824,益民集团
603711,香飘飘
000605,渤海股份
000553,安道麦A
600793,宜宾纸业
300698,万马科技
301257,普蕊斯
000710,贝瑞基因
688116,天奈科技
838171,邦德股份
300074,华平股份
002226,江南化工
833873,中设咨询
603358,XD华达科
000692,惠天热电
603681,永冠新材
002662,京威股份
603378,XD亚士创
600352,浙江龙盛
601137,博威合金
688778,厦钨新能
603095,越剑智能
600713,南京医药
600569,安阳钢铁
600467,好当家
300759,康龙化成
600897,厦门空港
600819,耀皮玻璃
002588,史丹利
600138,中青旅
000700,模塑科技
603661,恒林股份
600707,彩虹股份
600572,康恩贝
832566,梓橦宫
300109,新开源
002187,广百股份
600211,西藏药业
301103,何氏眼科
601001,晋控煤业
600107,美尔雅
000608,阳光股份
688266,泽璟制药-U
603318,水发燃气
000822,山东海化
688283,坤恒顺维
002215,诺 普 信
688179,阿拉丁
600807,济南高新
000428,华天酒店
600585,海螺水泥
603228,景旺电子
000959,首钢股份
300097,智云股份
000883,湖北能源
600123,兰花科创
000826,启迪环境
002409,雅克科技
603658,安图生物
300081,恒信东方
833914,远航精密
301004,嘉益股份
603158,腾龙股份
300843,胜蓝股份
601019,山东出版
002075,沙钢股份
600284,浦东建设
689009,九号公司-WD
603866,桃李面包
000719,中原传媒
603408,建霖家居
600227,赤天化
000893,亚钾国际
600758,辽宁能源
002127,南极电商
600546,山煤国际
600857,宁波中百
002745,木林森
000592,平潭发展
000933,神火股份
002870,香山股份
001206,依依股份
603107,上海汽配
600651,飞乐音响
002223,鱼跃医疗
300149,睿智医药
000059,华锦股份
000058,深 赛 格
300881,盛德鑫泰
002242,九阳股份
600543,莫高股份
300305,裕兴股份
600873,梅花生物
600741,华域汽车
833171,国航远洋
002262,恩华药业
000848,承德露露
601116,三江购物
600706,曲江文旅
300001,特锐德
002497,雅化集团
000159,国际实业
830879,基康仪器
002641,公元股份
603818,曲美家居
600168,武汉控股
002578,闽发铝业
002849,威星智能
603219,富佳股份
301488,豪恩汽电
002306,中科云网
600258,首旅酒店
603355,莱克电气
835640,富士达
600855,航天长峰
002489,浙江永强
605378,野马电池
601939,建设银行
002420,毅昌科技
002728,特一药业
000633,合金投资
002029,七 匹 狼
601500,通用股份
000930,中粮科技
603558,健盛集团
600075,新疆天业
003816,中国广核
872374,云里物里
002032,苏 泊 尔
000887,中鼎股份
300556,丝路视觉
600738,丽尚国潮
300091,金通灵
002024,ST易购
000911,广农糖业
300415,伊之密
300289,利德曼
300017,网宿科技
600183,生益科技
835438,戈碧迦
600331,宏达股份
002608,江苏国信
000735,罗 牛 山
601699,潞安环能
002452,长高电新
000757,浩物股份
601279,英利汽车
300771,智莱科技
300643,万通智控
603878,武进不锈
600511,国药股份
300696,爱乐达
688117,圣诺生物
301550,斯菱股份
600108,XD亚盛集
300301,*ST长方
600251,冠农股份
301163,宏德股份
603025,大豪科技
600582,天地科技
300761,立华股份
300247,融捷健康
000006,深振业Ａ
603486,科沃斯
002441,众业达
300145,中金环境
600428,中远海特
600496,精工钢构
002622,皓宸医疗
002088,鲁阳节能
600810,神马股份
002703,浙江世宝
600683,京投发展
000958,电投产融
835185,贝特瑞
600743,华远地产
688127,蓝特光学
605333,沪光股份
600789,鲁抗医药
002172,澳洋健康
605296,神农集团
605166,聚合顺
600377,宁沪高速
600307,酒钢宏兴
603609,禾丰股份
300978,东箭科技
605108,XD同庆楼
600575,淮河能源
002573,清新环境
002228,合兴包装
000778,新兴铸管
002976,瑞玛精密
300086,康芝药业
000019,深粮控股
300269,联建光电
002062,宏润建设
000767,晋控电力
000504,南华生物
000541,佛山照明
300618,寒锐钴业
301386,未来电器
605196,华通线缆
600812,华北制药
831855,浙江大农
002259,ST升达
300147,香雪制药
603255,鼎际得
000921,海信家电
601169,北京银行
600477,杭萧钢构
600280,中央商场
300228,富瑞特装
603527,众源新材
300976,达瑞电子
600073,光明肉业
000790,华神科技
000928,中钢国际
000707,双环科技
834415,恒拓开源
600782,新钢股份
601808,中海油服
001389,广合科技
603008,喜临门
000520,凤凰航运
600054,黄山旅游
603168,莎普爱思
603005,晶方科技
600660,福耀玻璃
002690,美亚光电
600874,创业环保
600252,中恒集团
002454,松芝股份
301090,华润材料
600327,大东方
300879,大叶股份
839719,宁新新材
002606,大连电瓷
002589,瑞康医药
002993,奥海科技
002033,丽江股份
603786,科博达
002378,章源钨业
603199,九华旅游
600097,开创国际
002159,三特索道
600221,海航控股
002323,雅博股份
600035,楚天高速
831445,龙竹科技
000898,鞍钢股份
600729,重庆百货
300900,广联航空
603056,XD德邦股
000807,云铝股份
600516,方大炭素
002955,鸿合科技
000558,莱茵体育
601101,昊华能源
601997,贵阳银行
300267,尔康制药
000793,华闻集团
600499,科达制造
600975,新五丰
603128,华贸物流
601187,厦门银行
600619,海立股份
000011,深物业A
002408,齐翔腾达
603983,丸美股份
002913,奥士康
000007,全新好
603225,新凤鸣
600159,大龙地产
600483,福能股份
300737,科顺股份
002375,亚厦股份
688349,三一重能
002821,凯莱英
002045,国光电器
600576,祥源文旅
002442,龙星化工
603588,高能环境
603998,方盛制药
603320,迪贝电气
600908,无锡银行
605222,起帆电缆
688312,燕麦科技
603590,康辰药业
601233,桐昆股份
600603,广汇物流
002535,林州重机
603001,奥康国际
002966,苏州银行
688578,艾力斯
600502,安徽建工
601952,苏垦农发
600901,江苏金租
300214,日科化学
002283,天润工业
688336,三生国健
600398,海澜之家
000069,华侨城Ａ
002967,广电计量
002543,万和电气
300603,立昂技术
002392,北京利尔
000978,桂林旅游
000910,大亚圣象
603713,密尔克卫
002271,东方雨虹
603897,长城科技
300346,南大光电
688301,奕瑞科技
600549,厦门钨业
000721,西安饮食
603285,键邦股份
002517,恺英网络
002691,冀凯股份
300144,宋城演艺
002274,华昌化工
688631,莱斯信息
002970,锐明技术
002094,青岛金王
600127,金健米业
002193,如意集团
600697,欧亚集团
000913,钱江摩托
603982,泉峰汽车
000548,湖南投资
834261,一诺威
002886,沃特股份
300324,旋极信息
002327,富安娜
300073,当升科技
002203,海亮股份
601179,中国西电
600635,大众公用
600064,南京高科
002292,奥飞娱乐
000403,派林生物
601677,明泰铝业
600800,渤海化学
300125,ST聆达
002471,中超控股
000615,ST美谷
300719,安达维尔
600113,浙江东日
300863,卡倍亿
002773,康弘药业
002097,山河智能
000709,河钢股份
600618,氯碱化工
601139,深圳燃气
000650,仁和药业
600548,深高速
600742,一汽富维
600673,东阳光
002753,永东股份
002190,成飞集成
000601,韶能股份
600469,风神股份
002788,鹭燕医药
000726,鲁  泰Ａ
002986,宇新股份
688114,华大智造
000429,粤高速Ａ
600448,华纺股份
000777,中核科技
601311,骆驼股份
600577,精达股份
603506,南都物业
600811,东方集团
002053,云南能投
000090,天健集团
603070,万控智造
002072,凯瑞德
002437,誉衡药业
300107,建新股份
002810,山东赫达
600970,中材国际
600178,东安动力
300741,华宝股份
601998,中信银行
835237,力佳科技
603730,岱美股份
603233,大参林
000900,现代投资
601665,齐鲁银行
000408,藏格矿业
830946,森萱医药
300732,设研院
300191,潜能恒信
603848,好太太
603348,文灿股份
600694,大商股份
000753,漳州发展
301058,中粮科工
002061,浙江交科
002906,华阳集团
600735,新华锦
603132,金徽股份
600740,山西焦化
002648,卫星化学
600688,上海石化
603505,金石资源
603800,道森股份
601086,国芳集团
300185,通裕重工
873001,纬达光电
688099,晶晨股份
601003,柳钢股份
600368,五洲交通
601118,海南橡胶
601015,陕西黑猫
000002,万  科Ａ
600746,江苏索普
001203,大中矿业
002011,盾安环境
600508,上海能源
873703,广厦环能
600433,冠豪高新
002731,萃华珠宝
600486,扬农化工
603031,安孚科技
601339,百隆东方
688480,赛恩斯
002671,龙泉股份
000899,赣能股份
300317,珈伟新能
601077,渝农商行
600757,长江传媒
603767,中马传动
300374,中铁装配
601156,东航物流
000949,新乡化纤
603365,水星家纺
688333,铂力特
000751,锌业股份
688076,诺泰生物
300359,全通教育
600888,新疆众和
000627,天茂集团
000060,中金岭南
300570,太辰光
603665,康隆达
688138,清溢光电
601298,青岛港
601598,中国外运
300511,雪榕生物
000155,川能动力
601975,招商南油
000554,泰山石油
000965,天保基建
600737,中粮糖业
002014,永新股份
002708,光洋股份
000761,本钢板材
833394,民士达
836675,秉扬科技
002575,群兴玩具
605183,确成股份
603776,永安行
600269,赣粤高速
001283,豪鹏科技
000755,山西高速
600748,上实发展
000039,中集集团
002400,省广集团
002445,中南文化
600066,宇通客车
600736,苏州高新
002385,大北农
600141,兴发集团
600491,龙元建设
300740,水羊股份
873132,泰鹏智能
600480,凌云股份
601528,瑞丰银行
600639,浦东金桥
600060,海信视像
000572,海马汽车
002636,金安国纪
601717,郑煤机
600979,广安爱众
603759,海天股份
002552,宝鼎科技
603516,淳中科技
600981,汇鸿集团
688208,道通科技
002783,凯龙股份
603312,西典新能
001301,尚太科技
000813,德展健康
000803,山高环能
603155,新亚强
002766,索菱股份
000631,顺发恒业
002482,广田集团
002059,云南旅游
601928,凤凰传媒
300780,德恩精工
300207,欣旺达
601007,金陵饭店
002128,电投能源
300087,荃银高科
870976,视声智能
601700,风范股份
000620,新华联
603299,苏盐井神
600623,华谊集团
301091,深城交
603970,中农立华
000785,居然之家
688252,天德钰
600612,老凤祥
600998,九州通
002370,亚太药业
002432,九安医疗
601886,江河集团
600691,阳煤化工
002026,山东威达
600828,茂业商业
002539,云图控股
600655,豫园股份
002697,红旗连锁
835985,海泰新能
002035,华帝股份
832786,骑士乳业
001965,招商公路
301397,溯联股份
002068,黑猫股份
836260,中寰股份
603477,巨星农牧
002041,登海种业
300783,三只松鼠
300470,中密控股
000708,中信特钢
301500,飞南资源
300997,欢乐家
002092,ST中泰
300547,川环科技
000559,万向钱潮
688287,观典防务
605266,健之佳
000036,华联控股
832089,禾昌聚合
600710,苏美达
002629,仁智股份
300796,贝斯美
002012,凯恩股份
834062,科润智控
832278,鹿得医疗
831175,派诺科技
600814,杭州解百
002816,*ST和科
601515,东峰集团
002083,孚日股份
002264,新 华 都
600803,新奥股份
600131,国网信通
002106,莱宝高科
601121,宝地矿业
300344,立方数科
000505,京粮控股
002091,江苏国泰
605116,奥锐特
835508,殷图网联
600335,国机汽车
601600,中国铝业
002210,飞马国际
002131,利欧股份
003000,劲仔食品
000657,中钨高新
601827,三峰环境
301260,格力博
603113,金能科技
002941,新疆交建
838810,春光药装
001286,陕西能源
301153,中科江南
688398,赛特新材
600657,信达地产
600629,华建集团
002638,勤上股份
600020,中原高速
300573,兴齐眼药
603167,渤海轮渡
600859,王府井
000573,粤宏远Ａ
603180,金牌家居
002938,鹏鼎控股
688120,华海清科
600210,紫江企业
833266,生物谷
600628,新世界
000672,上峰水泥
301030,仕净科技
002653,海思科
300991,创益通
002302,西部建设
300702,天宇股份
002988,豪美新材
300521,爱司凯
430685,新芝生物
601128,常熟银行
836942,恒立钻具
603009,北特科技
000417,合肥百货
688656,浩欧博
600608,ST沪科
603357,设计总院
300536,*ST农尚
600861,北京人力
832225,利通科技
430425,乐创技术
000897,津滨发展
002142,宁波银行
301509,金凯生科
002869,金溢科技
832471,美邦科技
603766,隆鑫通用
600439,瑞贝卡
835892,中科美菱
831370,新安洁
002596,海南瑞泽
002186,全 聚 德
000655,金岭矿业
688212,澳华内镜
300294,博雅生物
000546,金圆股份
870866,绿亨科技
601969,海南矿业
000626,远大控股
000517,荣安地产
601702,华峰铝业
002737,葵花药业
002468,申通快递
603078,江化微
601588,北辰实业
600162,香江控股
002790,瑞尔特
002247,聚力文化
300684,中石科技
000430,张家界
601512,中新集团
002574,明牌珠宝
837344,三元基因
300197,节能铁汉
300103,达刚控股
603706,东方环宇
603099,长白山
000801,四川九洲
603995,甬金股份
601686,友发集团
002289,ST宇顺
688455,科捷智能
000937,冀中能源
002003,伟星股份
688188,柏楚电子
688772,珠海冠宇
000932,华菱钢铁
603227,雪峰科技
600303,ST曙光
002540,亚太科技
603739,蔚蓝生物
605599,菜百股份
000014,沙河股份
601366,利群股份
300176,派生科技
600429,三元股份
002903,宇环数控
002888,惠威科技
600239,云南城投
000789,万年青
870656,海昇药业
600359,新农开发
301133,金钟股份
831010,凯添燃气
600853,龙建股份
301508,中机认检
603855,华荣股份
600658,电子城
600734,实达集团
000862,银星能源
600399,抚顺特钢
603337,杰克股份
600173,卧龙地产
600313,农发种业
603618,杭电股份
600082,海泰发展
832175,东方碳素
300083,创世纪
300135,宝利国际
601216,君正集团
000068,华控赛格
601000,唐山港
600110,诺德股份
600101,明星电力
600293,三峡新材
002170,芭田股份
601518,吉林高速
600166,福田汽车
300266,兴源环境
000797,中国武夷
000830,鲁西化工
837046,亿能电力
834599,同力股份
002098,浔兴股份
831856,浩淼科技
600568,ST中珠
600699,均胜电子
000099,中信海直
600708,光明地产
601033,永兴股份
688516,奥特维
601966,玲珑轮胎
605228,神通科技
600067,冠城大通
603328,依顿电子
600256,广汇能源
002937,兴瑞科技
872931,无锡鼎邦
002182,宝武镁业
600533,栖霞建设
301193,家联科技
002208,合肥城建
002110,三钢闽光
000972,中基健康
000715,中兴商业
002916,深南电路
002073,软控股份
300729,乐歌股份
300295,三六五网
000825,太钢不锈
600388,龙净环保
300417,南华仪器
600648,外高桥
600510,黑牡丹
600617,国新能源
600521,华海药业
832735,德源药业
873576,天力复合
600058,五矿发展
600663,陆家嘴
603018,华设集团
603648,畅联股份
600826,兰生股份
603214,爱婴室
300120,经纬辉开
603816,顾家家居
000153,丰原药业
600693,东百集团
002157,正邦科技
600997,开滦股份
301300,远翔新材
000567,海德股份
600057,厦门象屿
301073,君亭酒店
600858,银座股份
000736,中交地产
001696,宗申动力
600195,中牧股份
300707,威唐工业
002758,浙农股份
002808,ST恒久
002545,东方铁塔
300411,金盾股份
300791,仙乐健康
600679,上海凤凰
600578,京能电力
300505,川金诺
300552,万集科技
603882,金域医学
688429,时创能源
000030,富奥股份
001215,千味央厨
836239,长虹能源
603277,银都股份
603390,通达电气
835857,百甲科技
300636,同和药业
600278,东方创业
600801,华新水泥
870508,丰安股份
603035,常熟汽饰
000758,中色股份
603871,嘉友国际
000718,苏宁环球
300458,全志科技
002520,日发精机
873167,新赣江
002162,悦心健康
301078,孩子王
832145,恒合股份
838837,华原股份
603579,荣泰健康
600963,岳阳林纸
600094,大名城
301195,北路智控
605068,明新旭腾
000837,秦川机床
002357,富临运业
002867,周大生
301356,天振股份
301309,万得凯
600081,东风科技
300098,高新兴
002285,世联行
600295,鄂尔多斯
601609,金田股份
600960,渤海汽车
300651,金陵体育
000820,神雾节能
000016,深康佳Ａ
834033,康普化学
002627,三峡旅游
688267,中触媒
300809,华辰装备
600386,北巴传媒
002668,TCL智家
603733,仙鹤股份
600761,安徽合力
600719,大连热电
600187,国中水务
002563,森马服饰
831832,科达自控
603628,清源股份
688426,康为世纪
002713,东易日盛
430718,合肥高科
600376,首开股份
600339,中油工程
002096,易普力
600012,皖通高速
873665,科强股份
002827,高争民爆
300433,蓝思科技
002832,比音勒芬
603529,爱玛科技
871857,泓禧科技
831726,朱老六
002475,立讯精密
000514,渝 开 发
831396,许昌智能
002314,南山控股
000552,甘肃能化
002064,华峰化学
000612,焦作万方
600371,万向德农
430047,诺思兰德
300584,海辰药业
300115,长盈精密
688177,百奥泰
300946,恒而达
002305,南国置业
300249,依米康
603300,华铁应急
603329,上海雅仕
836807,奔朗新材
832978,开特股份
600895,张江高科
300546,雄帝科技
000713,丰乐种业
002429,兆驰股份
600712,南宁百货
300051,琏升科技
002793,罗欣药业
603069,海汽集团
001258,立新能源
600362,江西铜业
832522,纳科诺尔
300012,华测检测
603221,爱丽家居
603197,保隆科技
688331,荣昌生物
002831,裕同科技
300029,ST天龙
600219,南山铝业
600755,厦门国贸
831152,昆工科技
603200,上海洗霸
870357,雅葆轩
300857,协创数据
600833,第一医药
603393,新天然气
600007,中国国贸
301226,祥明智能
600420,国药现代
002995,天地在线
000886,海南高速
600490,鹏欣资源
300209,*ST有树
000029,深深房Ａ
600586,金晶科技
600350,山东高速
600987,航民股份
830896,旺成科技
603979,金诚信
002048,宁波华翔
600866,星湖科技
600609,金杯汽车
002146,荣盛发展
300199,翰宇药业
600865,百大集团
000703,恒逸石化
600834,XD申通地
603535,嘉诚国际
600730,中国高科
600831,ST广网
000550,江铃汽车
600383,金地集团
000766,通化金马
603075,热威股份
002920,德赛西威
300044,赛为智能
000926,福星股份
000779,甘咨询
003010,若羽臣
002897,意华股份
430478,峆一药业
002694,顾地科技
603268,松发股份
600468,百利电气
605090,九丰能源
600622,光大嘉宝
600684,珠江股份
688125,安达智能
300287,飞利信
600354,敦煌种业
832491,奥迪威
301111,粤万年青
871396,常辅股份
688037,芯源微
002310,*ST东园
000923,河钢资源
836717,瑞星股份
300049,福瑞股份
831195,三祥科技
872392,佳合科技
430418,苏轴股份
871634,新威凌
300489,光智科技
301239,普瑞眼科
601857,中国石油
603350,安乃达
833533,骏创科技
300175,朗源股份
002840,华统股份
301505,苏州规划
688522,纳睿雷达
873690,捷众科技
833427,华维设计
600838,上海九百
002674,兴业科技
600827,百联股份
600794,保税科技
600604,市北高新
001360,南矿集团
873679,前进科技
605009,豪悦护理
000878,云南铜业
872953,国子软件
600649,城投控股
603518,锦泓集团
603286,日盈电子
002992,宝明科技
002233,塔牌集团
688183,生益电子
002418,康盛股份
000663,永安林业
002085,万丰奥威
000890,法尔胜
002947,恒铭达
300990,同飞股份
833429,康比特
300348,长亮科技
000017,深中华A
871642,通易航天
000688,国城矿业
836547,无锡晶海
603003,*ST龙宇
600547,山东黄金
002038,双鹭药业
872190,雷神科技
837663,明阳科技
601231,环旭电子
834058,华洋赛车
605598,上海港湾
688525,佰维存储
601107,四川成渝
603993,洛阳钼业
300300,ST峡创
603977,国泰集团
301363,美好医疗
600968,海油发展
600689,上海三毛
603920,世运电路
839790,联迪信息
000625,长安汽车
002345,潮宏基
603689,皖天然气
603992,松霖科技
301023,江南奕帆
600096,云天化
873806,云星宇
834950,迅安科技
871263,莱赛激光
300189,神农种业
831039,国义招标
002372,伟星新材
600662,外服控股
300576,容大感光
603193,润本股份
301039,中集车辆
001914,招商积余
430476,海能技术
001222,源飞宠物
601127,赛力斯
300551,古鳌科技
837023,芭薇股份
430510,丰光精密
601061,中信金属
000402,金 融 街
000630,铜陵有色
002463,沪电股份
600489,中金黄金
836826,盖世食品
831087,秋乐种业
002973,侨银股份
002999,天禾股份
600497,驰宏锌锗
002248,华东数控
300165,天瑞仪器
688089,嘉必优
002428,云南锗业
603179,新泉股份
601038,一拖股份
002188,中天服务
600638,新黄浦
600033,福建高速
600409,三友化工
688428,诺诚健华-U
603879,ST永悦
002682,龙洲股份
603898,好莱客
600665,天地源
600325,华发股份
603379,三美股份
300264,佳创视讯
301580,爱迪特
000975,银泰黄金
002572,索菲亚
600916,中国黄金
002775,文科股份
601899,紫金矿业
000544,中原环保
836720,吉冈精密
832110,雷特科技
000049,德赛电池
600606,绿地控股
000980,众泰汽车
873706,铁拓机械
601828,美凯龙
000816,智慧农业
002133,广宇集团
836221,易实精密
600421,华嵘控股
000010,美丽生态
002823,凯中精密
835174,五新隧装
603195,公牛集团
430090,同辉信息
603079,圣达生物
300441,鲍斯股份
002160,常铝股份
300677,英科医疗
002707,众信旅游
002613,北玻股份
600675,中华企业
601138,工业富联
000031,大悦城
603283,赛腾股份
600561,江西长运
000906,浙商中拓
000061,农 产 品
300917,特发服务
600006,东风汽车
600843,上工申贝
600048,保利发展
300899,上海凯鑫
688147,微导纳米
833781,瑞奇智造
000521,长虹美菱
600322,津投城开
600630,龙头股份
833284,灵鸽科技
003042,中农联合
688506,百利天恒-U
837403,康农种业
000960,锡业股份
836504,博迅生物
839167,同享科技
600601,方正科技
600461,洪城环境
301603,乔锋智能
601777,力帆科技
600721,百花医药
832171,志晟信息
600777,ST新潮
688166,博瑞医药
301187,欧圣电气
002607,中公教育
300947,德必集团
300502,新易盛
837748,路桥信息
002130,沃尔核材
601212,白银有色
600988,赤峰黄金
002561,徐家汇
600160,巨化股份
834014,XD特瑞斯
001979,招商蛇口
301567,贝隆精密
301141,中科磁业
600189,泉阳泉
601963,XD重庆银
000035,中国天楹
002600,领益智造
601958,金钼股份
873726,卓兆点胶
301295,美硕科技
600370,三房巷
300198,纳川股份
002355,兴民智通
603360,百傲化学
300437,清水源
003006,百亚股份
002532,天山铝业
001337,四川黄金
838227,美登科技
831689,克莱特
836208,青矩技术
688766,普冉股份
300218,安利股份
836149,旭杰科技
603619,中曼石油
601168,西部矿业
601155,新城控股
830839,万通液压
601188,龙江交通
835579,机科股份
300476,胜宏科技
833751,惠同新材
300859,西域旅游
300329,海伦钢琴
605158,华达新材
430198,微创光电
600961,株冶集团
300308,中际旭创
871245,威博液压
600530,交大昂立
839792,东和新材
301289,国缆检测
300945,曼卡龙
871694,中裕科技
300630,普利制药
838262,太湖雪
002384,东山精密
002267,陕天然气
600119,长江投资
603196,日播时尚
601933,永辉超市
002237,恒邦股份
600272,开开实业
872895,花溪科技
834475,三友科技
600938,中国海油
603389,亚振家居
838402,硅烷科技
002043,兔 宝 宝
000737,北方铜业
836871,派特尔
920002,万达轴承
000622,*ST恒立
002114,罗平锌电
301089,拓新药业
300117,*ST嘉寓
600361,创新新材
300641,正丹股份
002269,美邦服饰
000560,我爱我家
000957,中通客车
873833,美心翼申
600531,豫光金铅
603029,天鹅股份
600595,中孚实业
300111,向日葵
600626,申达股份
603900,莱绅通灵
002742,ST三圣
300563,神宇股份
832651,天罡股份
603129,春风动力
300222,科大智能
836270,天铭科技
837092,汉鑫科技
832000,安徽凤凰
831627,力王股份
873570,坤博精工
301533,威马农机
300439,美康生物
831906,舜宇精工
300942,易瑞生物
831304,迪尔化工
601069,西部黄金
600246,万通发展
603682,锦和商管
836961,西磁科技
834770,艾能聚
002244,滨江集团
002716,湖南白银
300979,华利集团
000040,ST旭蓝
873305,九菱科技
600266,城建发展
600692,亚通股份
831526,凯华材料
600117,西宁特钢
002822,ST中装
839946,华阳变速
000426,兴业银锡
300394,天孚通信
600165,*ST宁科
600112,*ST天成
000023,*ST深天
300742,越博退
000413,ST旭电
603789,星光农机
300716,泉为科技
002308,*ST威创
300022,吉峰科技
000679,大连友谊
870204,沪江材料
002556,辉隆股份
430489,佳先股份
832023,田野股份
873693,阿为特
300844,山水比德
000976,*ST华铁
430300,辰光医疗
600711,盛屯矿业
300582,英飞特
603396,金辰股份
836699,海达尔
600250,南京商旅
833030,立方控股
300391,长药控股
301333,诺思格
603336,宏辉果蔬
000603,盛达资源
301228,实朴检测
002715,登云股份
833454,同心传动
873169,七丰精工
831641,格利尔
831768,拾比佰
601028,玉龙股份
600620,天宸股份
301033,迈普医学
600418,XD江淮汽
833580,科创新材
002155,湖南黄金
838670,恒进感应
000637,茂化实华
600822,上海物贸
430564,天润科技
871753,天纺标
002717,岭南股份
870436,大地电气
873122,中纺标
300321,同大股份
300139,晓程科技
300807,天迈科技
000421,南京公用
600733,北汽蓝谷
836414,欧普泰
300469,信息发展
688062,迈威生物-U
300799,左江退
873223,荣亿精密
